Song Name,song Artist,Rank,URI,Source,Peak Rank,Previous Rank,Weeks on Chart,Streams,next rank,Top 10 Count,Top 100 Count,times popular,now popular,language
חולמת,Odeya,4,spotify:track:3N48942rc1DKId7vmDDcy0,Helicon Aroma Music Ltd.,4,22,3,254865,1,2,3,2,1,0
בחיבק,תמר ריילי,1,spotify:track:0OIq7kRsGg7UkLKtO7Srqd,Designer's Acid under exclusive license to D-Music,1,1,7,347532,2,6,7,6,1,0
פרפרים,Odeya,15,spotify:track:2OhunYlfKcvrwQBStJD5u8,Helicon Aroma Music Ltd.,15,25,3,190141,3,1,3,1,0,0
מאחל לך טוב,Osher Cohen,2,spotify:track:2RNGK9C5zMQhKMTiPL5Q0T,Helicon Aroma Music Ltd. / P.A.I Ltd.,2,3,6,291847,4,7,7,7,1,0
סיפורי צדיקים,"Odeya, Ben Zur",9,spotify:track:5wXHoXp3DCnzuqZOE6rY0a,Helicon Aroma / A List Music LTD under exclusive license to D-Music,9,10,3,220603,5,3,3,3,1,0
אהובתי כבר לא רואה אותי,Omer Adam,3,spotify:track:2QkVXq7dLpefWAiETsvIOs,P.A.I LTD,1,2,19,258676,6,19,20,20,1,0
תהום,Omer Adam,8,spotify:track:3pTsE064ZTJ1n8bP3VAm2c,P.A.I LTD,2,7,19,225171,7,19,20,20,1,0
ה' יברך אותך,Osher Cohen,7,spotify:track:1946N277M0tygagJZxCP1f,Helicon Aroma Music Ltd. / P.A.I Ltd.,3,5,6,229819,8,5,7,5,1,0
את לא יודעת כמה שאני אוהב אותך,Odeya,5,spotify:track:0sMyBmtyp4riKYNpDVNSH4,Helicon Aroma Music Ltd.,2,6,18,241271,9,11,17,14,1,0
Die With A Smile,"Lady Gaga, Bruno Mars",10,spotify:track:7so0lgd0zP2Sbgs2d7a1SZ,Interscope Records,2,4,31,219019,10,25,32,30,1,1
טאטע תטהר - גרסה אקוסטית,"יאיר אלייצור, Ben Zur",11,spotify:track:5bFrsEk5efTVlOTwtLBLn2,A List Music LTD under exclusive license to D-Music,7,8,9,204225,11,3,10,7,1,0
תמיד אוהב אותי,ששון איפרם שאולוב,6,spotify:track:3CZdlwKHGTvfveatbfKD3q,Mobile1 Music,1,9,26,233180,12,22,27,26,1,0
החדר מסתובב,ששון איפרם שאולוב,6,spotify:track:3CZdlwKHGTvfveatbfKD3q,Mobile1 Music,1,9,26,233180,13,0,1,0,1,0
התקדמתי ממך,"Itay Levi, ששון איפרם שאולוב",12,spotify:track:6svDE1ySQelKOFfW7kCn2B,Mobile1 Music,12,14,16,198001,14,0,17,4,1,0
New Day Will Rise,Yuval Raphael,13,spotify:track:1H5GUNNCrurtyoOKbS2tT8,KAN Israeli Public Broadcasting Corporation / Keshet Broadcasting LTD. under exclusive license to D-Music,13,20,2,195170,15,0,3,0,0,1
APT.,"ROSÉ, Bruno Mars",14,spotify:track:4wJ5Qq0jBN4ajy7ouZIV1c,Atlantic Records,6,16,22,190612,16,11,23,13,0,1
פסיכופט,עידו מלכה,16,spotify:track:0EMfLhcfPFWdVQBCE1YXB0,Mobile1 Music,10,19,18,184712,17,1,15,3,0,0
טקילה,Omer Adam,17,spotify:track:5ppuL7dOIhd7td0YCJJuwf,P.A.I LTD,2,11,19,182495,18,17,20,18,0,0
עברנו הכל,Omer Adam,21,spotify:track:4L5Uj4Dt6rjFL0H7hl2qHF,P.A.I LTD,4,13,27,173616,19,17,28,21,0,0
גיטרה ולנשום,Osher Cohen,20,spotify:track:0FEmTSrI0M8nImeYOrCaPi,Helicon Aroma Music Ltd. / P.A.I Ltd.,11,17,6,176205,20,0,7,1,0,0
לילות וקללות,Omer Adam,23,spotify:track:4dELL8S6XVMibwBkjJACF1,P.A.I LTD,2,23,52,168833,21,10,53,13,0,0
נרקומן של בדידות,Omer Adam,19,spotify:track:37ZPaitKESRLXRkjrvJVTb,P.A.I LTD,5,15,19,176383,22,10,20,15,0,0
Anxiety,Doechii,31,spotify:track:3LPLRNr58Z9Pn0clnEtkXb,Top Dawg Entertainment/Capitol Records,31,74,2,139322,23,0,3,0,0,1
רק שלך,Omer Adam,18,spotify:track:4zXfQYhcSboWEOAwIQST9N,P.A.I LTD,1,12,52,177149,24,22,53,28,0,0
אין אותי,"Osher Cohen, Noa Kirel",24,spotify:track:34KzX8fwFPLchmOvYBDap0,Helicon Aroma Music Ltd. / P.A.I Ltd.,1,26,35,161086,25,17,36,24,0,0
מגדלים,"STILLA, Ness",25,spotify:track:5nYFRLTLrqiETyy6LUPfhQ,2024 Va’ad Ha Bait records & Maman Productions by PIL ltd,1,34,36,146145,26,22,37,24,0,0
תן לי את האששש,Jasmin Moallem,28,spotify:track:2v8ZRDPqR7s7KDt1QQ57hx,Helicon Music,13,29,15,143129,27,0,15,1,0,0
פלסטרים,Osher Cohen,27,spotify:track:6qB33ch9RK0aoMfxfnlXa1,Helicon Aroma Music Ltd. / P.A.I Ltd.,1,27,48,145081,28,22,49,31,0,0
לא לפנות אליי,Nasrin Kadri,22,spotify:track:42jtELiUhOQ9hiWjPyV0ih,Helicon Aroma Music Ltd.,5,24,10,171472,29,3,11,5,0,0
תסביכים קשים,שירז אברהם,37,spotify:track:1hLd6flq2cPLvH2Xraimbu,Mobile1 Music,14,42,33,125551,30,0,27,0,0,0
רוז,Peer Tasi,29,spotify:track:0Wr6wZgEP1npYg0vrsWPIZ,Peer Tasi LTD under exclusive license to D-Music,1,33,43,142687,31,16,44,19,0,0
רשימת קניות,Peer Tasi,29,spotify:track:0Wr6wZgEP1npYg0vrsWPIZ,Peer Tasi LTD under exclusive license to D-Music,1,33,43,142687,32,0,1,0,0,0
באמפרים,"STILLA, Ness",41,spotify:track:3FihyZ7YA7vrNiSUfWww10,2024 Va’ad Ha Bait records & Maman Productions by PIL ltd,1,45,43,121515,33,23,43,28,0,0
עובד בכפר,Odeya,30,spotify:track:7dCPciHW5xuxB7G4i8G5AX,Helicon Aroma Music Ltd.,7,21,30,139441,34,6,31,15,0,0
בן אדם,Odeya,34,spotify:track:5bmDwWuujqU0Of3fdwMzFJ,Helicon Aroma Music Ltd.,3,36,30,130749,35,11,30,14,0,0
אבא,Ben Zur,35,spotify:track:3DTHsQnfuQVESYAYv0fybQ,A List Music LTD under exclusive list to D-Music,28,39,42,129181,36,0,30,0,0,0
BIRDS OF A FEATHER,Billie Eilish,39,spotify:track:6dOtVTDdiauQNBQEDOtlAB,Darkroom/Interscope Records,15,32,44,124253,37,0,45,0,0,1
לופ,Osher Cohen,32,spotify:track:1ChZJDdEU5tR4ZrLeuDh5u,Helicon Aroma Music Ltd. / P.A.I Ltd.,1,28,27,138302,38,15,28,18,0,0
סופרמן,Idan Amedi,26,spotify:track:5dA83d8LVoTXIX035X2LqW,Helicon Aroma Music Ltd. / Snype Production Ltd.,7,18,14,145652,39,4,15,6,0,0
שאנל אזולאי,Odeya,47,spotify:track:1I2O2LqFIUSndJW0NSUdfq,Helicon Aroma Music Ltd.,46,46,2,107137,40,0,3,0,0,0
מה יהיה מחר,Peer Tasi,33,spotify:track:4DKH1iLhp007TVLURYtmeC,Peer Tasi LTD under exclusive license to D-Music,7,38,43,132109,41,8,43,14,0,0
That’s So True,Gracie Abrams,42,spotify:track:7ne4VBA60CxGM75vw0EYad,"Gracie Abrams, under exclusive license to Interscope Records",17,40,21,117706,42,0,22,0,0,1
Beautiful Things,Benson Boone,38,spotify:track:3xkHsmpQCBMytMJNiDf3Ii,"Night Street Records, Inc./Warner Records Inc.",4,30,60,124628,43,8,61,13,0,1
אני חוזר,מ',43,spotify:track:0D9A15ZzO3VzLIYqOfm6QB,Ilay Eliyahu Mataraso under exclusive license to D-Music,9,37,40,115984,44,4,37,9,0,0
בואי נדבר,ששון איפרם שאולוב,48,spotify:track:354YT2zYO1GpAmf10xXiZf,Mobile1 Music,4,41,74,104753,45,14,56,16,0,0
גן עדן של משוגעים,ששון איפרם שאולוב,45,spotify:track:3pvBB4oPXTaHV403msHYF0,Mobile1 Music,6,49,65,112116,46,9,47,12,0,0
דאמ,Jasmin Moallem,51,spotify:track:7AlqKFiOM5X7nJdtbwvsi6,Helicon Music,3,53,32,96680,47,11,32,13,0,0
Messy,Lola Young,46,spotify:track:35ISBknsCeZQtq66xABI9g,Universal-Island Records Ltd.,22,43,14,108595,48,0,15,0,0,1
Lose Control,Teddy Swims,54,spotify:track:17phhZDn6oGtzMe56NuWvj,Warner Records,13,55,61,96029,49,0,61,0,0,1
Not Like Us,Kendrick Lamar,40,spotify:track:6AI3ezQ4o3HUoP6Dhudph3,"Kendrick Lamar, under exclusive license to Interscope Records",9,35,40,121909,50,0,8,1,0,1
אוצר שלי,Osher Cohen,44,spotify:track:07Ee2kh7vMtMwZ39G4LbKX,Helicon Aroma Music Ltd. / P.A.I Ltd.,24,31,6,115355,51,0,7,0,0,0
Show Me Love,"WizTheMc, bees & honey",72,spotify:track:5ITV0zqzjOYfFWpW0xBmRa,Bamboo Artists,72,-1,1,78250,52,0,2,0,0,1
WILDFLOWER,Billie Eilish,55,spotify:track:3QaPy1KgI7nu9FJEQUgn6h,Darkroom/Interscope Records,29,47,39,95920,53,0,30,0,0,1
מרכז תל אביב,Itay Levi,61,spotify:track:0tewqHTtZMfb7sPsqTyRVc,Mobile1 Music,51,58,25,89746,54,0,14,0,0,0
יחפים,Jasmin Moallem,65,spotify:track:1lHlKCdVZ4CGbbkTuG6LfT,Helicon Music,4,62,172,86457,55,1,65,0,0,0
גברת אגו,Omer Adam,60,spotify:track:0auLq7aePfiNwd1YZNlC4S,P.A.I LTD,10,51,19,89957,56,1,20,5,0,0
שתי טיפות,Omer Adam,50,spotify:track:2LdUmQdymO99riYOVCrUPK,P.A.I LTD,22,52,19,103049,57,0,20,0,0,0
DtMF,Bad Bunny,69,spotify:track:3sK8wGT43QFpWrvNQsrQya,Rimas Entertainment LLC.,35,75,10,82476,58,0,10,0,0,1
luther (with sza),"Kendrick Lamar, SZA",53,spotify:track:2CGNAOSuO1MEFCbBRgUzjd,"pgLang, under exclusive license to Interscope Records",28,44,17,96279,59,0,18,0,0,1
זזה עם הגוף,"LifeSwisa, RONNY",49,spotify:track:12ddpfSEpTUe2iixjUvLl6,7803903 Records DK2,49,63,15,104380,60,0,14,0,0,0
צ'יק צ'ק,Static,56,spotify:track:78FrkrO3KgizjXDObyFvzW,Mobile1 Music,1,60,28,94257,61,12,28,13,0,0
נתראה בגלגול הבא,Ravid Plotnik,63,spotify:track:1saT4tObMScARIwT4wTv0W,NaNa Disc,23,57,271,89191,62,0,65,0,0,0
Espresso,Sabrina Carpenter,66,spotify:track:2HRqTpkrJO5ggZyyK6NPWz,Island Records,11,69,49,86330,63,0,49,6,0,1
Abracadabra,Lady Gaga,52,spotify:track:2LHNTC9QZxsL3nWpt8iaSR,Interscope Records,37,50,7,96313,64,0,7,0,0,1
EVIL J0RDAN,Playboi Carti,36,spotify:track:6iycYUk3oB0NPMdaDUrN1w,AWGE/Interscope Records,36,-1,1,126549,65,0,2,0,0,1
שווארמה ודמעה,Omer Adam,62,spotify:track:51XDPGyuq8EgHSXwKCn8CQ,P.A.I LTD,17,61,19,89323,66,0,20,0,0,0
All The Stars (with SZA),"Kendrick Lamar, SZA",64,spotify:track:3GCdLUSnKSMJhs4Tj6CV3s,Black Panther (TDE/DMG) PS,6,54,39,86695,67,0,7,0,0,1
אם אתה שלי,Odeya,58,spotify:track:2foTZaysNY65xcTXlQKxg4,Helicon Aroma Music Ltd.,9,59,59,91916,68,3,60,6,0,0
למה את?,ילד.,74,spotify:track:6JnLTSjPA96Dgg9VCDRf1r,Universal Music Israel Distributed Labels,6,70,48,78080,69,9,45,11,0,0
מערב ראשון,Itay Levi,67,spotify:track:0h8eZd7eqwZISaz9bkj1zV,Mobile1 Music,3,72,42,84803,70,17,43,20,0,0
מנגן ושר,Osher Cohen,59,spotify:track:2yPnlfwQ1AmhHauqQWDlWZ,Helicon Aroma Music Ltd./ P.A.I Ltd.,1,65,58,90093,71,22,59,26,0,0
היי בייב,Tuna,75,spotify:track:1D8HR389yohrWVZ1yHI2bc,NaNa Disc,4,66,170,76671,72,0,65,0,0,0
צוחקת ובוכה,Eden Hason,57,spotify:track:2fewVF6oOGKux69rHGbPMq,Mobile1 Music,4,48,59,92307,73,14,60,14,0,0
חולה ירח,Itay Levi,79,spotify:track:2eauhZzDelRWx1f3PmdaxU,Mobile1 Music,14,96,39,73983,74,0,4,0,0,0
Timeless (feat Playboi Carti),"The Weeknd, Playboi Carti",77,spotify:track:0FIDCNYYjNvPVimz5icugS,XO / Republic Records,44,88,25,75664,75,0,26,0,0,1
מלודי,Peer Tasi,70,spotify:track:0hdDyhwaJpNW5nsJC3qYPe,Peer Tasi LTD under exclusive license to D-Music,5,71,43,82420,76,10,44,11,0,0
ראיתי עולם,"Omer Adam, ShrekDiMC",68,spotify:track:17Gbwxyhsj0dznw9DSruNC,P.A.I LTD,1,68,43,84478,77,13,44,14,0,0
‏שלווה בארמונותייך,Ravid Plotnik,88,spotify:track:0PfvEnfj3hHl7zlc0WcfGY,NaNa Disc,23,85,152,68935,78,0,65,0,0,0
שקיעות אדומות,Eden Hason,82,spotify:track:68kVzJf0STAv91tuLutuDr,Mobile1 Music,2,86,230,71017,79,0,65,0,0,0
בני ברק או ערק,מ',84,spotify:track:2Nn5rAJpUi1AhPIubW6HU7,Ilay Eliyahu Mataraso under exclusive license to D-Music,40,84,24,70986,80,0,25,0,0,0
מגנט,ששון איפרם שאולוב,93,spotify:track:4BnqGasQmJZsFDsrTymuth,Mobile1 Music,69,92,9,67470,81,0,8,0,0,0
נחלת בנימין,Itay Levi,111,spotify:track:2H84mdRphvQn5QniG3v07a,Mobile1 Music,111,-1,1,60161,82,0,1,0,0,0
שבוע טוב,Avraham Tal,91,spotify:track:4Ow0gCGxYfOcyiCuZOt9mp,Digistage,17,111,241,67890,83,0,2,0,0,0
סתלבט בקיבוץ,"Full Trunk, Jimbo J",100,spotify:track:2G1o9Mq8KpamOwJPZLuJc7,NaNa Disc,2,91,143,65389,84,0,56,0,0,0
Sailor Song,Gigi Perez,85,spotify:track:2262bWmqomIaJXwCRHr13j,Gigi Perez PS/ Island,53,90,24,70920,85,0,24,0,0,1
צמוד צמוד,"Omer Adam, Odeya, ShrekDiMC",78,spotify:track:1Jx6aZyJR985kw8CWUZ15O,P.A.I LTD / Helicon Aroma Music LTD,1,81,49,75315,86,18,50,19,0,0
tv off (feat. lefty gunplay),"Kendrick Lamar, Lefty Gunplay",73,spotify:track:0aB0v4027ukVziUGwVGYpG,"pgLang, under exclusive license to Interscope Records",23,64,17,78099,87,0,18,0,0,1
סהרה - Live,"Tuna, Jasmin Moallem",81,spotify:track:7BcRDWY4VTCvRRHoobFWWo,NaNa Disc,1,73,132,71546,88,0,4,0,0,1
אחת ממיליון,רון חיון,176,spotify:track:7kFo0ivGlvuzIWmODfmrjF,2025 Duda by PIL ltd,176,-1,1,46875,89,0,1,0,0,0
רוקנרול,Omer Adam,80,spotify:track:2tFX3wqEPyya8k2bS8pHqW,P.A.I LTD,30,67,19,73405,90,0,17,0,0,0
הטוב הרע ועודיה,"Odeya, E-Z, LIAD MEIR",95,spotify:track:4N9Rl0PvEgfpRluDotwDL9,Helicon Aroma Music Ltd.,12,97,28,66966,91,0,29,4,0,0
Yellow,Coldplay,103,spotify:track:3AJwUDP919kvQ9QcozQPxg,Parlophone UK,56,89,143,64374,92,0,29,0,0,1
Viva La Vida,Coldplay,89,spotify:track:1mea3bSkSGXuIRvnydlB5b,Parlophone UK,40,94,132,68863,93,0,32,0,0,1
משהו אמיתי בעיניים,ששון איפרם שאולוב,98,spotify:track:74kYHwU43s49Y5AukKArWQ,ללא,2,98,81,65676,94,16,65,18,0,0
יפה כלבנה,Eviatar Banai,130,spotify:track:0f9vK5r3z8jgTX2PK4ZxPF,Hed Arzi Ltd.,100,122,145,54892,95,0,2,0,0,0
הנך יפה,Ben Zur,123,spotify:track:0ksRRdaUbYkXgvDOwWCHLp,A List Music LTD under exclusive license to D-Music,73,100,18,56040,96,0,9,0,0,0
יין ופסטה,Odeya,76,spotify:track:4XwsyrQZOC7YtrJad0Se0N,Helicon Aroma Music Ltd.,56,56,2,76541,97,0,3,0,0,0
לשוב הביתה,Ishay Ribo,112,spotify:track:52n4gF126eIllrGuc9Zus6,2018 ISHAY RIBO LTD BY PIL LTD,10,119,367,58473,98,0,24,0,0,0
טק טק,Ishay Ribo,112,spotify:track:52n4gF126eIllrGuc9Zus6,2018 ISHAY RIBO LTD BY PIL LTD,10,119,367,58473,99,0,1,0,0,0
אהבה,Osher Cohen,90,spotify:track:34aKXUhVdHGTzWOt85RjGq,Helicon Aroma Music Ltd./ P.A.I Ltd.,1,83,93,68224,100,11,65,15,0,0
אחרי כל השנים,Omer Adam,101,spotify:track:5aDaDlIrhFeXUPcBqxGisR,P.A.I LTD,53,80,132,65032,101,0,59,0,0,0
משקה יקר,Peer Tasi,92,spotify:track:1A9o64PUc3sAJO6LceFK1K,Mobile1 Music,92,123,3,67473,102,0,1,0,0,0
שתישרף האהבה,Itay Levi,97,spotify:track:3TtZlTHR3gT0WYzFTEoPsV,Mobile1 Music,21,93,65,65838,103,0,5,0,0,0
Sports car,Tate McRae,127,spotify:track:5UJbgR4XF4y1DvbkxEqe8S,RCA Records Label,99,99,7,55403,104,0,1,0,0,1
רוקד עם הכאב,Peer Tasi,96,spotify:track:4ra4WsUIRDxIQ6p0l5t276,Mobile1 Music,71,87,38,66563,105,0,10,0,0,0
קפה וסיגריה,"Ravid Plotnik, ניר דנן",94,spotify:track:0WS3pHso7moPHG8W2pbqPB,NaNa Disc,82,117,118,67010,106,0,6,0,0,0
Ordinary,Alex Warren,186,spotify:track:6qqrTXSdwiJaq8SO0X2lSe,Atlantic Records,186,-1,1,45365,107,0,0,0,0,1
Locked out of Heaven,Bruno Mars,108,spotify:track:5g7sDjBhZ4I3gcFIpkrLuI,Atlantic Records,5,110,71,62596,108,0,12,0,0,1
תוכו רצוף אהבה,Ishay Ribo,169,spotify:track:1QP8gp1xtid9iE9L7SzB8e,2014 Yshy Rivo By PIL LTD,42,-1,165,47575,109,0,0,0,0,0
Sweater Weather,The Neighbourhood,116,spotify:track:0cQVqPuHQP4KEwc7ZUQmj6,Columbia,33,129,223,57330,110,0,40,0,0,1
רחוק מכולם,Omer Adam,102,spotify:track:1hTth4TFnHWYWiXglQ6bN2,P.A.I Ltd.,1,79,203,64398,111,0,55,0,0,0
Move,"Adam Port, Stryv, Keinemusik, Orso, Malachiii",99,spotify:track:1BJJbSX6muJVF2AK7uH1x4,Keinemusik,11,131,41,65513,112,0,39,2,0,1
אייכה,Shuli Rand,161,spotify:track:0h9lqpfcS37U6zvDCKwQhX,NaNa Disc,71,142,58,49280,113,0,1,0,0,0
Iris,The Goo Goo Dolls,117,spotify:track:6Qyc6fS4DsZjB2mRW9DsQs,Warner Records,92,106,42,57285,114,0,0,0,0,1
עד מחר,Eviatar Banai,105,spotify:track:1ttOlVyZvmnozD2muIxulw,Hed Arzi Ltd.,38,107,363,63355,115,0,9,0,0,0
דרך השלום,Peer Tasi,109,spotify:track:2rNoqRmOQfxAgJQQ0W70JH,Mobile1 Music,98,109,7,62266,116,0,1,0,0,0
חלק מהזמן,Idan Amedi,113,spotify:track:3hay408PSjTAxPn5TPxzyh,A.M Music Productions LTD,27,95,357,57890,117,0,12,0,0,0
בוקר טוב חיים שלי,Ravid Plotnik,118,spotify:track:4WbQaxKI0R0SmWNZvgUDNz,NaNa Disc,13,114,10,56735,118,0,8,1,0,0
I Wanna Be Yours,Arctic Monkeys,125,spotify:track:5XeFesFbtLpXzIVDNQP22n,Domino Recording Co,32,133,141,55895,119,0,51,0,0,1
Happiness,Arctic Monkeys,125,spotify:track:5XeFesFbtLpXzIVDNQP22n,Domino Recording Co,32,133,141,55895,120,0,0,0,0,1
רוקד לי על העצב,Mor,190,spotify:track:5R2KoD3IlLRvCPHVhwdaEe,Mobile1 Music,189,189,2,45086,121,0,0,0,0,0
חסר/ה לי ברמות,"בנאל בן ציון, שירז אברהם",185,spotify:track:6qi83Ret9Yok9PfZWzmdZk,Mobile1 Music,13,113,100,45869,122,0,17,0,0,0
ככה וככה,Osher Cohen,87,spotify:track:3QCWA9RzAPb4Xw4BagADFq,Helicon Aroma Music Ltd./ P.A.I Ltd.,2,126,93,69298,123,0,56,0,0,0
נר לכל לילה,Eyal Golan,187,spotify:track:1lMyhrAecYTqx4IIBTF9KD,Liam Productions under exclusive license to D-Music,108,174,3,45359,124,0,0,0,0,0
DENIAL IS A RIVER,Doechii,83,spotify:track:1eTaznNW4Xxtx9za2SMTXB,Top Dawg Entertainment/Capitol Records,66,76,7,71009,125,0,6,0,0,1
Another Love,Tom Odell,124,spotify:track:7jtQIBanIiJOMS6RyCx6jZ,ITNO/Columbia,21,124,175,55918,126,0,43,0,0,1
אם הייתי צריכה,Odeya,104,spotify:track:2h0SQB1VZGRwL5LmEbrurC,Helicon Aroma Music Ltd.,7,82,89,63810,127,0,2,0,0,0
עד המדבר,"דיג'יי אונלי, Talisman, Omri Sabach",140,spotify:track:7jdvibTKMCbIP2B77ayD8Q,Mobile1 Music,50,200,126,53229,128,0,0,0,0,0
שמש שזורחת עליי,Ravid Plotnik,148,spotify:track:5xzBjwCJLdIKtIXQZ06RXj,NaNa Disc,28,157,10,51062,129,0,6,0,0,0
Every Breath You Take,The Police,121,spotify:track:1JSTJqkT5qHq8MDJnJbRE1,Polydor Records,78,120,44,56246,130,0,5,0,0,1
ככה זה (לאהוב אותך),Berry Sakharof,177,spotify:track:2eq2T5nu5NBvHYKzDatmt3,NaNa Disc,108,185,36,46858,131,0,0,0,0,0
תתארו לכם,Shlomo Artzi,137,spotify:track:2gK92y6pVz6ygq8Fc7N2xL,Hed Arzi Ltd.,50,149,362,53681,132,0,3,0,0,0
Too Sweet,Hozier,126,spotify:track:19XpFsce28aByvCC4g89tJ,Rubyworks / Universal-Island Records Ltd,18,130,51,55488,133,0,42,0,0,1
Can't Hold Us (feat. Ray Dalton),"Macklemore, Ryan Lewis, Macklemore & Ryan Lewis, Ray Dalton",129,spotify:track:22skzmqfdWrjJylampe0kt,Macklemore,129,138,93,54897,134,0,0,0,0,1
I Adore You (feat. Daecolm),"HUGEL, Topic, Arash, Daecolm",131,spotify:track:5nPbKG04fhLkIAjcPFaZq7,Virgin,131,155,7,54526,135,0,0,0,0,1
כל הזמן הזה,Ravid Plotnik,141,spotify:track:60GvepzSwgGx8kaZNln4L0,NaNa Disc,28,118,366,53180,136,0,38,0,0,0
The Night We Met,Lord Huron,132,spotify:track:3hRV0jL3vUpRrcy398teAU,Play It Again Sam,65,137,76,54211,137,0,38,0,0,1
מוזיקה טובה,Ravid Plotnik,122,spotify:track:06RR5ewHedBUC9GRgWLwkK,NaNa Disc,25,139,122,56235,138,0,32,0,0,0
תקרא לי מאמי,Mor,119,spotify:track:1136mOn1aHIa1evNDoYRfo,Mobile1 Music,54,121,71,56726,139,0,0,0,0,0
אין לי מקום אחר,Itay Levi,120,spotify:track:2CUwpTA4gOSouCTyRN1vnE,Mobile1 Music,5,127,62,56308,140,0,0,0,0,0
A Sky Full of Stars,Coldplay,128,spotify:track:0FDzzruyVECATHXKHFs9eJ,Parlophone UK,87,128,37,55104,141,0,0,0,0,1
מלא מלא,Coldplay,128,spotify:track:0FDzzruyVECATHXKHFs9eJ,Parlophone UK,87,128,37,55104,142,0,0,0,0,0
את חסרה לי,Eden Hason,133,spotify:track:3RBpmZJ0YG9abVBXI2U1UO,Mobile1 Music,1,140,247,54078,143,0,54,0,0,0
505,Arctic Monkeys,136,spotify:track:58ge6dfP91o9oXMzq3XkIS,Domino Recording Co,70,145,153,53750,144,0,6,0,0,0
Bad Dreams,Teddy Swims,174,spotify:track:3BntzKsnLf2pc0dsvE3Zav,Warner Records,143,178,12,47071,145,0,0,0,0,1
אוהבת אותי אמיתי,Omer Adam,114,spotify:track:4cZd8TSEowGRcDsmCvJEjU,P.A.I Ltd.,4,104,110,57649,146,0,0,0,0,0
כוכבים,Shilo Ben Saadon,107,spotify:track:4EN9nGt9TWutt0iDTRnXjY,Or Mermelstein under exclusive license to D-Music,16,78,50,62801,147,0,48,0,0,0
עושה לי צרות,Eden Hason,146,spotify:track:4I9NVCnjIRVriXfNE7VhE0,Mobile1 Music,3,136,148,52069,148,0,57,0,0,0
וואלק,Full Trunk,195,spotify:track:3MU69FMOB5ddPCMSo1f0g7,NaNa Disc,78,-1,65,44240,149,0,0,0,0,0
RATHER LIE (with The Weeknd),"Playboi Carti, The Weeknd",71,spotify:track:68qeaZhtMZ6abrJCYt6nQn,AWGE/Interscope Records,71,-1,1,79696,150,0,1,0,0,1
יש בך הכל,Akiva,164,spotify:track:0tIQwXFOyQjd6K7w7PIBrn,2022 Akiva+Or D. BY PIL LTD,72,154,134,48951,151,0,0,0,0,0
שתיתי,Akiva,164,spotify:track:0tIQwXFOyQjd6K7w7PIBrn,2022 Akiva+Or D. BY PIL LTD,72,154,134,48951,152,0,0,0,0,0
Unstoppable,Sia,151,spotify:track:2J2Z1SkXYghSajLibnQHOa,Monkey Puzzle Records/RCA Records,91,156,131,50742,153,0,0,0,0,1
Just the Way You Are,Bruno Mars,135,spotify:track:7BqBn9nzAq8spo5e7cZ0dJ,Elektra (NEK),26,147,30,53970,154,0,0,0,0,1
מחרוזת חסידית - מנורה לייב,ששון איפרם שאולוב,143,spotify:track:4TQmgOWfxnPyD4AIbFuBUb,Mobile1 Music,143,-1,6,52489,155,0,0,0,0,0
See You Again (feat. Kali Uchis),"Tyler, The Creator, Kali Uchis",147,spotify:track:7KA4W4McWYRpgf0fWsJZWB,Columbia,66,141,69,51851,156,0,9,0,0,1
אל תעזבי ידיים,"Tyler, The Creator, Kali Uchis",147,spotify:track:7KA4W4McWYRpgf0fWsJZWB,Columbia,66,141,69,51851,157,0,0,0,0,0
מה היית משנה בי,Odeya,115,spotify:track:2X0xtXo2To1ZMWVn5OmFZP,Helicon Aroma Music Ltd.,77,77,2,57434,158,0,1,0,0,0
דובדבן,Odeya,115,spotify:track:2X0xtXo2To1ZMWVn5OmFZP,Helicon Aroma Music Ltd.,77,77,2,57434,159,0,0,0,0,0
הולכת איתך,Odeya,115,spotify:track:2X0xtXo2To1ZMWVn5OmFZP,Helicon Aroma Music Ltd.,77,77,2,57434,160,0,0,0,0,0
Flowers,Miley Cyrus,154,spotify:track:7DSAEUvxU8FajXtRloy8M0,Columbia,1,168,108,50587,161,0,4,0,0,1
"אני אוהב, אני מכור, אני שרוף",Miley Cyrus,154,spotify:track:7DSAEUvxU8FajXtRloy8M0,Columbia,1,168,108,50587,162,0,0,0,0,0
Something Just Like This,"The Chainsmokers, Coldplay",159,spotify:track:6RUKPb4LETWmmr3iAEQktW,Disruptor Records/Columbia,99,180,96,49323,163,0,0,0,0,1
לא הכל מן אללה,"The Chainsmokers, Coldplay",159,spotify:track:6RUKPb4LETWmmr3iAEQktW,Disruptor Records/Columbia,99,180,96,49323,164,0,0,0,0,0
אלוף העולם,Hanan Ben Ari,150,spotify:track:3Y4G4E7EVomTWTFSFS0Sn5,Hanan Ben Ari / Mor Dahan under exclusive license to D-Music,2,135,314,50874,165,0,2,0,0,0
באתי אלייך,Eyal Golan,156,spotify:track:0QQZ2e7ejeeo2NbTAHAYAb,NMC United Entertainment Ltd.,150,150,5,50296,166,0,0,0,0,0
ואיך שלא,Omer Adam,134,spotify:track:0SMDtYt5HghaTMFc61nCnP,P.A.I LTD,2,125,67,53996,167,13,51,18,0,0
Dark Thoughts,Omer Adam,134,spotify:track:0SMDtYt5HghaTMFc61nCnP,P.A.I LTD,2,125,67,53996,168,0,0,0,0,1
נועצת מבט,Omer Adam,155,spotify:track:24i0QJz5U8OoXWyIPLXWzF,P.A.I LTD,101,143,23,50568,169,0,0,0,0,0
Counting Stars,OneRepublic,168,spotify:track:2tpWsVSb9UEmDRxAl1zhX1,Mosley / Interscope,91,171,231,47583,170,0,0,0,0,1
אחרי הנצח,Peer Tasi,149,spotify:track:1Ttz2PpMy1uF6qQJ2TpEoh,Peer Tasi LTD under exclusive license to D-Music,69,116,61,50927,171,0,12,0,0,0
בסיבוב,"Tuna, Tzlil Danin",153,spotify:track:5RnhWaP5VD3eJN3J0chPmh,Anana Ltd.,36,183,347,50618,172,0,0,0,0,0
Riptide,Vance Joy,157,spotify:track:2uXlHCUbq9OMUwx3hrk06o,Atlantic Records,33,193,254,49769,173,0,13,0,0,1
לא להמציא,Vance Joy,157,spotify:track:2uXlHCUbq9OMUwx3hrk06o,Atlantic Records,33,193,254,49769,174,0,0,0,0,0
עוד אוהבת אותך,Agam Buhbut,142,spotify:track:15leAeXFh1WX1QOxp1LnOS,2024 Gaga Management by PIL ltd,42,108,10,53141,175,0,7,0,0,0
Sultans Of Swing,Dire Straits,167,spotify:track:37Tmv4NnfQeb0ZgUC4fOJj,EMI,101,172,15,47645,176,0,0,0,0,1
איך אפשר,Jane Bordeaux,181,spotify:track:7o6UDPFWtYrjUZnRvi1dvO,Helicon Music,83,151,266,46286,177,0,0,0,0,0
גיבורי על,Hatikva 6,152,spotify:track:6Xg2Ir8Go9giAzRxW4Jaze,Hatikva 6 under exclusive license to D-Music,21,159,55,50720,178,0,45,0,0,0
The Scientist,Coldplay,171,spotify:track:75JFxkI2RXiU7L9VXzMkle,Parlophone Records Limited,160,162,12,47301,179,0,0,0,0,1
Shape of You,Ed Sheeran,165,spotify:track:7qiZfU4dY1lWllzX7mPBI3,Atlantic Records UK,32,-1,99,48589,180,0,0,0,0,1
ילדה של אמונה,Odeya,173,spotify:track:2tj4JhaPPpmPp8RNbieT52,Helicon Aroma Music Ltd.,89,102,22,47097,181,0,3,0,0,0
Taste,Sabrina Carpenter,182,spotify:track:5G2f63n7IPVPPjfNIGih7Q,Island Records,33,182,30,46157,182,0,16,0,0,1
We Are The People,Empire Of The Sun,192,spotify:track:0rhoLQVFCojDGFyl0nsdVZ,EMI Recorded Music Australia Pty Ltd,192,-1,1,44871,183,0,0,0,0,1
קירות,Itay Levi,145,spotify:track:0ZFQYK9u8C1nGLXXb4y17W,Mobile1 Music,3,153,157,52107,184,0,2,0,0,0
Love On The Brain,Rihanna,197,spotify:track:5oO3drDxtziYU2H1X23ZIp,Roc Nation / Rihanna,162,181,13,44149,185,0,0,0,0,1
האמת,"Odeya, רואי אדם",144,spotify:track:4ASfFTCr9NGAQKEjMx5BgE,Helicon Aroma Music Ltd.,3,105,105,52274,186,0,3,0,0,0
תן לי זמן,"Odeya, רואי אדם",144,spotify:track:4ASfFTCr9NGAQKEjMx5BgE,Helicon Aroma Music Ltd.,3,105,105,52274,187,0,0,0,0,0
שיר של יום חולין,"Odeya, רואי אדם",144,spotify:track:4ASfFTCr9NGAQKEjMx5BgE,Helicon Aroma Music Ltd.,3,105,105,52274,188,0,0,0,0,0
מה שלא הספקתי לומר,"Elai Botner, Ran Danker, Sivan Talmor",194,spotify:track:1sWQxzPFWCtOBvqww2YFex,NMC United Entertainment Ltd.,68,169,16,44434,189,0,8,0,0,0
Uptown Funk (feat. Bruno Mars),"Mark Ronson, Bruno Mars",179,spotify:track:32OlwWuMpZ6b0aN2RZOeMS,Columbia,50,-1,11,46594,190,0,0,0,0,1
Africa,TOTO,166,spotify:track:2374M0fQpWi3dLnB54qaLX,Columbia,85,187,41,48307,191,0,0,0,0,1
שמש,Hanan Ben Ari,183,spotify:track:5e4PVtYVBu9BpJVhmQhIvS,Hanan Ben Ari / Mor Dahan under exclusive license to D-Music,26,132,247,46146,192,0,0,0,0,0
הדם שלי,"ששון איפרם שאולוב, Odeya",200,spotify:track:1uNBN0rbqE6dHGA29rnMtx,Mobile1 Music,14,190,24,43772,193,0,0,0,0,0
קרן שמש,Benaia Barabi,175,spotify:track:3zhFqDzJZfnc8L5QkGWWG6,B.B Productions Ltd. under exclusive license to D-Music,1,158,127,46934,194,0,0,0,0,0
Perfect,Ed Sheeran,198,spotify:track:0tgVpDi06FyKpA1z0VMD4v,Atlantic Records UK,29,-1,82,44126,195,0,0,0,0,1
לדפוק ת'ראש,"Idan Amedi, רותם סלע, דני קושמרו, אורי גבריאל, אסי ישראלוף",158,spotify:track:3dkItSs4LurpACEg70HDIB,Helicon Aroma Music Ltd. / Snype Production Ltd.,49,101,11,49646,196,0,8,0,0,0
אני בוכה,"Idan Amedi, רותם סלע, דני קושמרו, אורי גבריאל, אסי ישראלוף",158,spotify:track:3dkItSs4LurpACEg70HDIB,Helicon Aroma Music Ltd. / Snype Production Ltd.,49,101,11,49646,197,0,0,0,0,0
Unwritten,Natasha Bedingfield,172,spotify:track:3U5JVgI2x4rDyHGObzJfNf,Sony Music CG,20,194,31,47254,198,0,0,0,0,1
ביחד,Natasha Bedingfield,172,spotify:track:3U5JVgI2x4rDyHGObzJfNf,Sony Music CG,20,194,31,47254,199,0,0,0,0,0
שלמים,Natasha Bedingfield,172,spotify:track:3U5JVgI2x4rDyHGObzJfNf,Sony Music CG,20,194,31,47254,200,0,0,0,0,0
משנכנס אדר 2023,"ישראל סוסנה ותזמורתו, DJ יהודה מור",103,spotify:track:2tdu3ZAQuS6TF1SCaokpGG,2023 Playlink By PIL LTD,74,-1,2,62838,86,0,1,0,0,0
CRUSH (with Travis Scott),"ישראל סוסנה ותזמורתו, DJ יהודה מור",103,spotify:track:2tdu3ZAQuS6TF1SCaokpGG,2023 Playlink By PIL LTD,74,-1,2,62838,106,0,0,0,0,1
GOOD CREDIT (with Kendrick Lamar),"ישראל סוסנה ותזמורתו, DJ יהודה מור",103,spotify:track:2tdu3ZAQuS6TF1SCaokpGG,2023 Playlink By PIL LTD,74,-1,2,62838,110,0,0,0,0,1
MOJO JOJO,"ישראל סוסנה ותזמורתו, DJ יהודה מור",103,spotify:track:2tdu3ZAQuS6TF1SCaokpGG,2023 Playlink By PIL LTD,74,-1,2,62838,138,0,0,0,0,1
PHILLY (with Travis Scott),"ישראל סוסנה ותזמורתו, DJ יהודה מור",103,spotify:track:2tdu3ZAQuS6TF1SCaokpGG,2023 Playlink By PIL LTD,74,-1,2,62838,139,0,0,0,0,1
עדלאידע,"שוקי סלומון, Arik Dvir",170,spotify:track:0pCh1MtPvEBDXx8y6Hbpio,Helicon Music,170,-1,2,47968,160,0,0,0,0,0
אופוריה,"שוקי סלומון, Arik Dvir",170,spotify:track:0pCh1MtPvEBDXx8y6Hbpio,Helicon Music,170,-1,2,47968,162,0,0,0,0,0
פינו נואר,Omer Adam,115,spotify:track:0S0lWP18AryHmMcQaHOngD,P.A.I LTD,25,86,18,59488,163,0,11,0,0,0
פתאום אהבה,Itay Levi,188,spotify:track:1HH4IitAuYbMnZ4PYb2O5I,Mobile1 Music,19,-1,91,46245,170,0,0,0,0,0
שני משוגעים,Itay Levi,188,spotify:track:1HH4IitAuYbMnZ4PYb2O5I,Mobile1 Music,19,-1,91,46245,178,0,0,0,0,0
BACKD00R (feat. Kendrick Lamar & Jhené Aiko),Itay Levi,188,spotify:track:1HH4IitAuYbMnZ4PYb2O5I,Mobile1 Music,19,-1,91,46245,180,0,0,0,0,1
HUMBLE.,Kendrick Lamar,166,spotify:track:7KXjTSCq5nL1LoYtL7XAwS,Aftermath,33,154,67,48457,184,0,1,0,0,1
TOXIC (with Skepta),Kendrick Lamar,166,spotify:track:7KXjTSCq5nL1LoYtL7XAwS,Aftermath,33,154,67,48457,188,0,0,0,0,1
לילה עיר,Maor Cohen,196,spotify:track:0cnXDZGevuZ5kj2nbVzPyu,NaNa Disc,62,174,116,45491,189,0,0,0,0,0
מה את מרגישה,Idan Amedi,144,spotify:track:3HBMPTdsZQNO24vbrgcJKZ,Helicon Aroma Music Ltd. / Snype Production Ltd.,22,94,106,54016,191,0,1,0,0,0
עטלף עיוור,Hanan Ben Ari,161,spotify:track:6oTChqDVAXNxJrg57siTxB,Hanan Ben Ari under exclusive license to D-Music,13,153,95,49564,193,0,5,0,0,0
I'm Good (Blue),Hanan Ben Ari,161,spotify:track:6oTChqDVAXNxJrg57siTxB,Hanan Ben Ari under exclusive license to D-Music,13,153,95,49564,196,0,0,0,0,1
סיגפו,Beit Habubot,191,spotify:track:6NMXueYXvUAKmDYISUehwy,Helicon Music,103,177,155,46008,199,0,0,0,0,0
ANXIETY (feat. Doechii),"Sleepy Hallow, Doechii",132,spotify:track:3FjK86616FbluOfTxNK2gY,Winners Circle/RCA Records,132,-1,1,55810,112,0,0,0,0,1
ליצן קטן נחמד,"Sleepy Hallow, Doechii",132,spotify:track:3FjK86616FbluOfTxNK2gY,Winners Circle/RCA Records,132,-1,1,55810,134,0,0,0,0,0
לתת לחיים לרקוד,Idan Amedi,91,spotify:track:0pwe6ne12KNaNYXyxquuPl,Helicon Aroma Music Ltd. / Snype Production Ltd.,72,93,9,65855,146,0,6,0,0,0
ירושלים,מ',143,spotify:track:7xSRAkFFuCp5gAy0sks1PH,Ilay Eliyahu Mataraso under exclusive license to D-Music,91,98,4,54391,148,0,2,0,0,0
Revolving door,Tate McRae,147,spotify:track:541sN2qNfIlllGn9nGOQoC,RCA Records Label,132,132,2,52454,152,0,0,0,0,1
משנכנס אדר,Tate McRae,147,spotify:track:541sN2qNfIlllGn9nGOQoC,RCA Records Label,132,132,2,52454,160,0,0,0,0,0
לאן,Vibe Ish,138,spotify:track:3CA8eNZ0qIeWovaCt226ui,Mobile1 Music,131,131,4,54736,163,0,0,0,0,0
אני פה,"Osher Cohen, Odeya",170,spotify:track:60BOR51eeN8A3wYIrElggH,Helicon Aroma Music Ltd./ P.A.I Production Adam Investment Ltd.,2,-1,107,48012,164,0,0,0,0,0
מחרוזת פורים,"Osher Cohen, Odeya",170,spotify:track:60BOR51eeN8A3wYIrElggH,Helicon Aroma Music Ltd./ P.A.I Production Adam Investment Ltd.,2,-1,107,48012,167,0,0,0,0,0
חג פורים,"Osher Cohen, Odeya",170,spotify:track:60BOR51eeN8A3wYIrElggH,Helicon Aroma Music Ltd./ P.A.I Production Adam Investment Ltd.,2,-1,107,48012,175,0,0,0,0,0
היא לא את,"Osher Cohen, Odeya",170,spotify:track:60BOR51eeN8A3wYIrElggH,Helicon Aroma Music Ltd./ P.A.I Production Adam Investment Ltd.,2,-1,107,48012,176,0,0,0,0,0
Easy On Me,Adele,193,spotify:track:46IZ0fSY2mpAiktS3KOqds,Columbia,2,168,81,44933,179,0,0,0,0,1
אני פורים,Adele,193,spotify:track:46IZ0fSY2mpAiktS3KOqds,Columbia,2,168,81,44933,184,0,0,0,0,0
חורף בחלון,Peer Tasi,189,spotify:track:4b5dVRUzTCy0ngxobUX2DG,Peer Tasi LTD under exclusive license to D-Music,43,-1,59,45530,195,0,0,0,0,0
יהיה טוב & מים שקופים,"Omer Adam, Jasmin Moallem",160,spotify:track:44GSjYhBxuuKx0ikN5Dmag,P.A.I LTD / Jasmin Moallem,2,148,79,49950,197,6,31,5,0,0
מבת ים ועד הנצח,Omer Adam,187,spotify:track:7fcFn0EdQleBdarD7yLp95,P.A.I LTD,4,143,37,45875,198,0,0,0,0,0
זורק תעניבה,Omer Adam,165,spotify:track:0jPy1Rm9G4UjNHLg9WXNDj,P.A.I LTD,115,115,10,48672,199,0,0,0,0,0
לבחור נכון,Amir Dadon,197,spotify:track:7n6emXIcaECmkljP1rPlvQ,Helicon Music,39,170,202,44011,148,0,0,0,0,0
נגמר,Amir Dadon,197,spotify:track:7n6emXIcaECmkljP1rPlvQ,Helicon Music,39,170,202,44011,158,0,0,0,0,0
אהבה חולה,Amir Dadon,197,spotify:track:7n6emXIcaECmkljP1rPlvQ,Helicon Music,39,170,202,44011,159,0,0,0,0,0
אוהבת לא אוהבת,Omer Adam,145,spotify:track:10pnfojlZf9nHvKngPHB7k,P.A.I LTD,32,161,16,50967,161,0,8,0,0,0
בזמן האחרון,Idan Amedi,198,spotify:track:5mT0kHqW0vMAjLS9dCGkeM,A.M Music Productions LTD,99,-1,22,43897,163,0,0,0,0,0
אקדח,Omer Adam,163,spotify:track:1O0VUtEP7oVZKAXOMl0QLY,P.A.I LTD,16,-1,35,47258,166,0,0,0,0,0
הריני,"Ravid Plotnik, Eviatar Banai",178,spotify:track:7JoXEwDsbey37yMghVbIub,NaNa Disc,90,200,21,45961,168,0,0,0,0,0
חתולים,"Jimbo J, Ravid Plotnik",153,spotify:track:6aYvWy72gVdkip3Yco9osi,Universal Music Israel Distributed Labels,24,153,81,48323,176,0,2,0,0,0
Take Me To Church,Hozier,186,spotify:track:3dYD57lRAUcMHufyqn9GcI,Universal-Island Records Ltd.,46,-1,183,45035,180,0,0,0,0,1
מחכה,Hozier,186,spotify:track:3dYD57lRAUcMHufyqn9GcI,Universal-Island Records Ltd.,46,-1,183,45035,181,0,0,0,0,0
אמן על הילדים,Hanan Ben Ari,192,spotify:track:1iqFD52dqVgLGJq74we3RW,Hanan Ben Ari / Mor Dahan under exclusive license to D-Music,16,-1,172,44591,183,0,0,0,0,0
בדיוק כמו שאני,Ravid Plotnik,160,spotify:track:5CkagnykIgnpOEorVEHgCF,NaNa Disc,67,156,72,47731,185,0,6,0,0,0
מים שקופים,Ravid Plotnik,160,spotify:track:5CkagnykIgnpOEorVEHgCF,NaNa Disc,67,156,72,47731,195,0,0,0,0,0
פלוס אחד,Mergui,182,spotify:track:5KRYlY2elcHmdodMFboaC7,Mobile1 Music,144,144,5,45499,196,0,0,0,0,0
Do I Wanna Know?,Arctic Monkeys,189,spotify:track:5FVd6KXrgO9B3JPmC8OPst,Domino Recording Co,100,189,187,44788,198,0,0,0,0,1
מאמי זה נגמר,Omer Adam,139,spotify:track:42O0lr6qe2jiacLV9QD9m6,P.A.I LTD,133,-1,2,52255,199,0,0,0,0,0
38,Omer Adam,139,spotify:track:42O0lr6qe2jiacLV9QD9m6,P.A.I LTD,133,-1,2,52255,200,0,0,0,0,0
כל הכוכבים,Tuna,132,spotify:track:6xtqda5h0wlcFn3WdI4pb6,NaNa Disc,19,154,157,54162,141,0,51,0,0,0
לבד על המיטה,Tuna,132,spotify:track:6xtqda5h0wlcFn3WdI4pb6,NaNa Disc,19,154,157,54162,147,0,0,0,0,0
squabble up,Kendrick Lamar,85,spotify:track:0nj9Bq5sHDiTxSHunhgkFb,"pgLang, under exclusive license to Interscope Records",26,100,6,69155,149,0,2,0,0,1
Like Him (feat. Lola Young),"Tyler, The Creator, Lola Young",127,spotify:track:6jbYpRPTEFl1HFKHk1IC0m,Columbia,101,101,10,56094,150,0,0,0,0,1
בחורים טובים,"Tyler, The Creator, Lola Young",127,spotify:track:6jbYpRPTEFl1HFKHk1IC0m,Columbia,101,101,10,56094,154,0,0,0,0,0
קריוקי פסנתר בסלון,Odeya,172,spotify:track:2g443q6iQIqoTWiVIAp2jv,Helicon Aroma Music Ltd.,78,151,23,46945,164,0,6,0,0,0
Money Trees,"Kendrick Lamar, Jay Rock",122,spotify:track:2HbKqm4o0w5wEeEFXm2sD4,Aftermath,122,149,15,56729,169,0,0,0,0,1
פסקול חיי,"Kendrick Lamar, Jay Rock",122,spotify:track:2HbKqm4o0w5wEeEFXm2sD4,Aftermath,122,149,15,56729,172,0,0,0,0,0
וואי,"Kendrick Lamar, Jay Rock",122,spotify:track:2HbKqm4o0w5wEeEFXm2sD4,Aftermath,122,149,15,56729,173,0,0,0,0,0
CHIHIRO,Billie Eilish,146,spotify:track:7BRD7x5pt8Lqa1eGYC4dzj,Darkroom/Interscope Records,25,111,28,50429,177,0,0,0,0,1
"I Love You, I'm Sorry",Gracie Abrams,159,spotify:track:51rfRCiUSvxXlCSCfIztBy,"Gracie Abrams, under exclusive license to Interscope Records",79,146,21,48685,179,0,5,0,0,1
אמונה,Ben Zur,165,spotify:track:60qhM7vig0oDlKzv2k4b56,A List Music LTD under exclusive list to D-Music,148,148,2,47660,180,0,0,0,0,0
היום קמתי שמח,Hanan Ben Ari,110,spotify:track:28hmfseWQTUSMuTNuXg4eI,Hanan Ben Ari under exclusive license to D-Music,63,88,4,59585,185,0,3,0,0,0
איפה אתה,Hanan Ben Ari,110,spotify:track:28hmfseWQTUSMuTNuXg4eI,Hanan Ben Ari under exclusive license to D-Music,63,88,4,59585,188,0,0,0,0,0
יהיה טוב,Jasmin Moallem,148,spotify:track:6nSQvSGrFykSmDIOetK94r,Helicon Music,1,163,90,49922,190,6,47,6,0,0
עולם משוגע,Jasmin Moallem,148,spotify:track:6nSQvSGrFykSmDIOetK94r,Helicon Music,1,163,90,49922,193,0,0,0,0,0
peekaboo (feat. azchike),"Kendrick Lamar, AZ Chike",139,spotify:track:2Uts1QFB4u2YNIMiqcb4de,"pgLang, under exclusive license to Interscope Records",86,-1,2,52061,195,0,0,0,0,1
סיפור ישן,"Kendrick Lamar, AZ Chike",139,spotify:track:2Uts1QFB4u2YNIMiqcb4de,"pgLang, under exclusive license to Interscope Records",86,-1,2,52061,200,0,0,0,0,0
Please Please Please,Sabrina Carpenter,160,spotify:track:2tHwzyyOLoWSFqYNjeVMzj,Island Records,16,183,36,49052,141,0,21,0,0,1
לאבא שלי יש סולם,"ותן חלקנו, Amir Benayoun, ששון איפרם שאולוב",116,spotify:track:4wynpm7WtwueimncaeNp6I,2024 Veten Helkenou Project by PIL ltd,43,91,15,57531,142,0,13,0,0,0
חיפשתי אותו בנרות,Eden Ben Zaken,195,spotify:track:6YQpTZk61Ku0hyutsVLpPe,Sarit Productions LTD / Helicon Aroma Music Ltd. under exclusive license to D-Music,31,115,42,45302,150,0,35,0,0,0
Busy Woman,Eden Ben Zaken,195,spotify:track:6YQpTZk61Ku0hyutsVLpPe,Sarit Productions LTD / Helicon Aroma Music Ltd. under exclusive license to D-Music,31,115,42,45302,151,0,0,0,0,1
הפעם זה זה,Eden Hason,196,spotify:track:06kTXsor7NS6I2fGxS1bn6,Mobile1 Music,109,-1,3,45205,152,0,0,0,0,0
"Good Luck, Babe!",Chappell Roan,128,spotify:track:0WbMK4wrZ1wFSty9F7FCgu,Chappell Roan PS/ Island,68,148,30,55090,166,0,0,0,0,1
Cry For Me,The Weeknd,105,spotify:track:3AWDeHLc88XogCaCnZQLVI,XO / Republic Records,98,98,2,60126,177,0,1,0,0,1
אוויר לנשימה,The Weeknd,105,spotify:track:3AWDeHLc88XogCaCnZQLVI,XO / Republic Records,98,98,2,60126,184,0,0,0,0,0
30 For 30 (with Kendrick Lamar),The Weeknd,105,spotify:track:3AWDeHLc88XogCaCnZQLVI,XO / Republic Records,98,98,2,60126,191,0,0,0,0,1
יונתן סע הביתה,The Weeknd,105,spotify:track:3AWDeHLc88XogCaCnZQLVI,XO / Republic Records,98,98,2,60126,192,0,0,0,0,0
חיכיתי לך - מנורה Live,The Weeknd,105,spotify:track:3AWDeHLc88XogCaCnZQLVI,XO / Republic Records,98,98,2,60126,193,0,0,0,0,1
אני לא מפסיק להתרגש ממך,Danny Robas,139,spotify:track:4rQOpu34WFMZFGaoHcO8d0,Anana,74,137,15,52742,196,0,5,0,0,0
פחד אלוהים,Kfir Tsafrir,188,spotify:track:1jCAwxwhHIrtWzGeF6WfJ7,Tedy Productions / Kfir Tsafrir under exclusive license to D-Music,1,152,65,45780,198,14,54,18,0,0
יוצאת מזה,Kfir Tsafrir,188,spotify:track:1jCAwxwhHIrtWzGeF6WfJ7,Tedy Productions / Kfir Tsafrir under exclusive license to D-Music,1,152,65,45780,134,0,0,0,0,0
Somewhere Only We Know,Keane,151,spotify:track:0ll8uFnc0nANY35E0Lfxvg,Universal-Island Records Ltd.,133,170,41,49263,150,0,0,0,0,1
When I Was Your Man,Bruno Mars,171,spotify:track:0B7wvvmu9EISAwZnOpjhNI,Atlantic Records,22,148,26,47586,162,0,0,0,0,1
Born Again (feat. Doja Cat & RAYE),Bruno Mars,171,spotify:track:0B7wvvmu9EISAwZnOpjhNI,Atlantic Records,22,148,26,47586,173,0,0,0,0,1
צעדים,Bruno Mars,171,spotify:track:0B7wvvmu9EISAwZnOpjhNI,Atlantic Records,22,148,26,47586,177,0,0,0,0,0
כשיגמר לכם הקיץ,ששון איפרם שאולוב,200,spotify:track:318nfosyorMlmjZq1m1Uh4,Mobile1 Music,11,-1,55,44501,178,0,0,0,0,0
עת הלבנה,"Ravid Plotnik, Michal Lotan",126,spotify:track:3n6kfT0sbKCbHSCmnzTD6w,NaNa Disc,23,81,4,53601,179,0,3,0,0,0
São Paulo (feat. Anitta),"The Weeknd, Anitta",111,spotify:track:7DY756WOLyOz2Xnhw4EFiC,XO / Republic Records,111,-1,2,56320,187,0,0,0,0,1
רבות הדרכים,"The Weeknd, Anitta",111,spotify:track:7DY756WOLyOz2Xnhw4EFiC,XO / Republic Records,111,-1,2,56320,190,0,0,0,0,0
הכל יהיה,הפיל הכחול - Hapil,184,spotify:track:6SsIHyxHGkKaN9MET0k11l,821837 Records DK,81,143,52,46487,194,0,6,0,0,0
La La La,"Naughty Boy, Sam Smith",120,spotify:track:3wPPWcVuinAU7dXcJXtCID,Virgin Records Ltd,111,111,4,53345,147,0,0,0,0,1
Beanie,Chezile,176,spotify:track:5e0b9LgOfi3aJSKXFcOWRe,Chezile / 10K Projects,143,143,5,45421,159,0,0,0,0,1
יכולה לבד,Odeya,191,spotify:track:3zefogTeUFZqWJeuWz4ftK,Helicon Aroma Music Ltd.,114,-1,7,43671,164,0,0,0,0,0
Knockin' On Heaven's Door,Odeya,191,spotify:track:3zefogTeUFZqWJeuWz4ftK,Helicon Aroma Music Ltd.,114,-1,7,43671,166,0,0,0,0,1
לי ולה,"Ravid Plotnik, Avishai Cohen",177,spotify:track:4y4CClBoVYR9rXmeL5oK9c,NaNa Disc,57,-1,87,45299,170,0,0,0,0,0
אישה מהשמיים,Gilad Segev,125,spotify:track:2ya0JtcbcMT35tsDUTuLQx,Mobile1 Music,85,158,31,52153,172,0,4,0,0,0
הכוכבים דולקים על אש קטנה,Gilad Segev,125,spotify:track:2ya0JtcbcMT35tsDUTuLQx,Mobile1 Music,85,158,31,52153,175,0,0,0,0,0
שממה,Gilad Segev,125,spotify:track:2ya0JtcbcMT35tsDUTuLQx,Mobile1 Music,85,158,31,52153,176,0,0,0,0,0
אסטרולוגים רבנים,Odeya,185,spotify:track:7yK3Xio4KcExOyi28hWpmt,Helicon Aroma Music Ltd.,173,-1,2,44035,181,0,0,0,0,0
NUEVAYoL,Bad Bunny,154,spotify:track:5TFD2bmFKGhoCRbX61nXY5,Rimas Entertainment LLC.,154,182,2,47322,182,0,0,0,0,1
סולמות ונחשים,Omer Adam,163,spotify:track:0c9Sq3RDqb8sd6N9B8yM4v,P.A.I LTD,38,141,12,46599,187,0,8,0,0,0
That's What I Like,Bruno Mars,188,spotify:track:0KKkJNfGyhkQ5aFogxQAPU,Atlantic Records,12,169,23,43872,188,0,0,0,0,1
Breakin' Dishes,Rihanna,194,spotify:track:5EcG8eMMlwkHRVa4aTR1qd,Def Jam Recordings,194,-1,1,43440,193,0,0,0,0,1
עכשיו טוב,Rihanna,194,spotify:track:5EcG8eMMlwkHRVa4aTR1qd,Def Jam Recordings,194,-1,1,43440,194,0,0,0,0,0
Grenade,Rihanna,194,spotify:track:5EcG8eMMlwkHRVa4aTR1qd,Def Jam Recordings,194,-1,1,43440,195,0,0,0,0,1
אין מה לחפש בחוץ,Ravid Plotnik,70,spotify:track:7inwpGKVgS13Igzdz0m4yu,NaNa Disc,29,29,2,77095,142,0,2,0,0,0
4X4,Ravid Plotnik,70,spotify:track:7inwpGKVgS13Igzdz0m4yu,NaNa Disc,29,29,2,77095,146,0,0,0,0,1
לאהוב אותך כל יום,"Doli & Penn, Eden Hason",153,spotify:track:0QDGzInNYjTlYI28Xq7slK,Dolev Ram / Penn Hazut / Sarit Productions under exclusive license to D-Music,1,-1,87,49621,150,0,0,0,0,0
GBP (feat. 21 Savage),"Doli & Penn, Eden Hason",153,spotify:track:0QDGzInNYjTlYI28Xq7slK,Dolev Ram / Penn Hazut / Sarit Productions under exclusive license to D-Music,1,-1,87,49621,158,0,0,0,0,1
זה הכל בשבילך,"Danny Sanderson, Mazi Cohen",183,spotify:track:6dMsWeQ2vCXOroR5dL84Wf,NMC United Entertainment Ltd.,143,-1,13,46186,172,0,0,0,0,0
There's Nothing Holdin' Me Back,"Danny Sanderson, Mazi Cohen",183,spotify:track:6dMsWeQ2vCXOroR5dL84Wf,NMC United Entertainment Ltd.,143,-1,13,46186,175,0,0,0,0,1
Set Fire to the Rain,"Danny Sanderson, Mazi Cohen",183,spotify:track:6dMsWeQ2vCXOroR5dL84Wf,NMC United Entertainment Ltd.,143,-1,13,46186,181,0,0,0,0,1
Swim,Chase Atlantic,161,spotify:track:3M0lSi5WW79CXQamgSBIjx,Warner Records,151,165,6,48294,186,0,0,0,0,1
Mockingbird,Chase Atlantic,161,spotify:track:3M0lSi5WW79CXQamgSBIjx,Warner Records,151,165,6,48294,190,0,0,0,0,1
הרבה ממך נשאר,Liran Danino,152,spotify:track:3coSv6fcKv2JFWXfgT6q0e,A.M Music Productions LTD,41,178,18,49755,196,0,9,0,0,0
אתה אני אולי,Noa Kirel,159,spotify:track:3VaEnW5C0x8htoAs4W040U,Noa Kirel under exclusive license to NMC United Entertainment Ltd.,80,149,7,48581,199,0,3,0,0,0
יש לך אותי,"Ravid Plotnik, Shai Tsabari",36,spotify:track:0IrfyUXDhomVvoP9MpUuH1,NaNa Disc,36,-1,1,136356,120,0,1,0,0,0
לילה טוב אהובה,"Ravid Plotnik, Z.K",49,spotify:track:0OL7DSjlGv17x2VvCeZYve,NaNa Disc,49,-1,1,115749,134,0,1,0,0,0
למה לי למה לו,"Ravid Plotnik, Z.K",49,spotify:track:0OL7DSjlGv17x2VvCeZYve,NaNa Disc,49,-1,1,115749,148,0,0,0,0,0
כאלו מילים,Tomer Yosef,154,spotify:track:0n2BeC9E0M7fC2jbKBYetu,Unicell,56,147,162,52853,154,0,18,0,0,0
גלות לוס אנג'לס,Ravid Plotnik,52,spotify:track:1oWX8BHeUoSE6TuFFW7Jao,NaNa Disc,52,-1,1,110356,166,0,1,0,0,0
תן לי תפילה,Shmuel,186,spotify:track:2biQCM9i8PaFYVEYyVkn31,Mobile1 Music,85,178,16,46769,174,0,0,0,0,0
It's So Hard,Shmuel,186,spotify:track:2biQCM9i8PaFYVEYyVkn31,Mobile1 Music,85,178,16,46769,175,0,0,0,0,1
כל כך מוכר,"הכוכב הבא, אודי שניידר",103,spotify:track:0HSOBKpR7EiHP06n8gAGFh,Keshet Broadcasting Ltd. under exclusive license to D-Music,103,-1,1,63572,180,0,0,0,0,0
שום דבר אחר,Idan Amedi,98,spotify:track:1HzrNvgVZBerBXdBBteFrG,Helicon Aroma Music Ltd. / Snype Production Ltd.,98,104,2,64397,184,0,1,0,0,0
בורות היא ברכה,Ravid Plotnik,50,spotify:track:6RynrY285pqy0qVxfgWENI,NaNa Disc,50,-1,1,115631,188,0,1,0,0,0
עברתי רק כדי לראות,"Tomer Yosef, Ben Hendler",170,spotify:track:77k6W05ZwUQ8cp0CeK0iN6,NaNa Disc,88,170,110,48876,189,0,0,0,0,0
היה נחמד,"Tomer Yosef, Ben Hendler",170,spotify:track:77k6W05ZwUQ8cp0CeK0iN6,NaNa Disc,88,170,110,48876,195,0,0,0,0,0
לצאת מדיכאון,"Tomer Yosef, Ben Hendler",170,spotify:track:77k6W05ZwUQ8cp0CeK0iN6,NaNa Disc,88,170,110,48876,196,0,0,0,0,0
ללכת,"Tomer Yosef, Ben Hendler",170,spotify:track:77k6W05ZwUQ8cp0CeK0iN6,NaNa Disc,88,170,110,48876,198,0,0,0,0,0
בחשכה (הכל זה גם וגם),Ravid Plotnik,56,spotify:track:7kjQPQRJnTfHqK79Zq7fEC,NaNa Disc,56,-1,1,104623,199,0,1,0,0,0
לא הצלחתי לישון הלילה,Ravid Plotnik,56,spotify:track:7kjQPQRJnTfHqK79Zq7fEC,NaNa Disc,56,-1,1,104623,47,0,1,0,0,0
שגרה בזמן מלחמה,Ravid Plotnik,56,spotify:track:7kjQPQRJnTfHqK79Zq7fEC,NaNa Disc,56,-1,1,104623,78,0,1,0,0,0
אינסוף,Idan Amedi,100,spotify:track:525IyHzf3ZsydmsRfDu0Vp,Helicon Aroma Music Ltd. / Snype Production Ltd.,100,-1,1,60669,111,0,1,0,0,0
מכתב לילדים,Idan Amedi,111,spotify:track:2CmN6lg34uckZT5OAbqkOJ,Helicon Aroma Music Ltd. / Snype Production Ltd.,111,-1,1,58447,114,0,0,0,0,0
מכשפה,"Static, Adi Bity",101,spotify:track:2WDgnb44mEO7gWUtECuNLJ,Mobile1 Music,23,98,37,60609,133,0,31,0,0,0
נאדי באדי,"Shahar Tavoch, Agam Buhbut",132,spotify:track:5lNB8HWmxpICQXi5Pgatz1,NMC United Entertainment Ltd.,5,100,43,53533,152,8,35,11,0,0
Wake Me Up,Avicii,124,spotify:track:0nrRP2bk19rLc0orkWPQk2,Universal Music AB,20,-1,76,55073,157,0,0,0,0,1
שותפה שלי,Moshiko Mor,109,spotify:track:5FQCwtsC3YanKJzpfkvnDt,E.S Productions under exclusive license to D-Music,24,108,21,58734,159,0,17,0,0,0
בלי לבחור,Idan Amedi,160,spotify:track:3rXeukorvha6no0byAiMTn,Helicon Aroma Music Ltd. / Snype Production Ltd.,160,-1,1,49138,167,0,0,0,0,0
לילה,Omer Adam,137,spotify:track:6FbmUqAPNiQ5IXxMTNKV3u,P.A.I LTD,32,105,9,52934,179,0,7,0,0,0
שיר לאמא,Omer Adam,137,spotify:track:6FbmUqAPNiQ5IXxMTNKV3u,P.A.I LTD,32,105,9,52934,192,0,0,0,0,0
עזבת ת'בית,"Peled, Nastia Rod",156,spotify:track:4wEFTT1fmFfsLY1K7Y40Cy,Mobile1 Music,5,136,74,49487,193,0,49,0,0,0
Here Comes The Sun - Remastered 2009,The Beatles,159,spotify:track:6dGnYIeXmHdcikdzNNDMm2,EMI Catalogue,85,170,186,49198,195,0,0,0,0,1
רכבת לצפון,The Beatles,159,spotify:track:6dGnYIeXmHdcikdzNNDMm2,EMI Catalogue,85,170,186,49198,199,0,0,0,0,0
לב יפה,Ron Buhnik,172,spotify:track:79frUUdqTcE1Qll6Twt8Ds,Mobile1 Music,22,164,88,49777,149,0,1,0,0,0
לב,Ron Buhnik,172,spotify:track:79frUUdqTcE1Qll6Twt8Ds,Mobile1 Music,22,164,88,49777,166,0,0,0,0,0
Losing My Religion,Ron Buhnik,172,spotify:track:79frUUdqTcE1Qll6Twt8Ds,Mobile1 Music,22,164,88,49777,167,0,0,0,0,1
lovely (with Khalid),"Billie Eilish, Khalid",179,spotify:track:0u2P5u6lvoDfwTYjAADbn4,Darkroom,54,160,191,48766,169,0,0,0,0,1
End of Beginning,Djo,182,spotify:track:3qhlB30KknSejmIvZZLjOD,Djo,16,185,34,48665,173,0,0,0,0,1
Someone You Loved,Lewis Capaldi,177,spotify:track:7qEHsqek33rTcFNT9PFqLf,Vertigo Berlin,9,162,267,49201,181,0,0,0,0,1
כפרה שלי,Ravid Plotnik,192,spotify:track:7mBGGsJwx4o8NiqWfmAJ96,NaNa Disc,49,158,158,47915,187,0,1,0,0,0
עדיין ריק,Ravid Plotnik,192,spotify:track:7mBGGsJwx4o8NiqWfmAJ96,NaNa Disc,49,158,158,47915,196,0,0,0,0,0
Kill Bill,SZA,184,spotify:track:1Qrg8KqiBpW07V7PNxwwwL,Top Dawg Entertainment/RCA Records,6,140,61,48568,199,0,0,0,0,1
Ma Meilleure Ennemie (from the series Arcane League of Legends),SZA,184,spotify:track:1Qrg8KqiBpW07V7PNxwwwL,Top Dawg Entertainment/RCA Records,6,140,61,48568,200,0,0,0,0,1
כד קטן,Yorik Ben David,103,spotify:track:3W2ivfrQP1kG0Uh5IBJn7P,NMC United Entertainment Ltd.,76,-1,5,63225,88,0,1,0,0,0
Lucid Dreams,Juice WRLD,141,spotify:track:285pBltuF7vW8TeWk8hdRR,Juice WRLD Mixtape / ISR P&D,4,139,177,53904,146,0,0,0,0,1
סביבון,Hana Laszlo,118,spotify:track:58NBSNdG8s0jSikjPRmdjS,NMC United Entertainment Ltd.,73,-1,5,59387,152,0,0,0,0,0
אין מרחק בינינו,Eden Hason,139,spotify:track:5vrzcGVyLeru7vHm89EvRr,Mobile1 Music,90,122,10,54212,171,0,1,0,0,0
Hurricane,Eden Golan,200,spotify:track:2Ozw7k5CLtM5W9SomrOyjw,Session42,1,-1,34,46416,176,0,0,0,0,1
לא נגמר,Eden Golan,200,spotify:track:2Ozw7k5CLtM5W9SomrOyjw,Session42,1,-1,34,46416,181,0,0,0,0,0
מלאך של כבוד,Omer Adam,166,spotify:track:5dDkX66Ov8pqr1l9Cyk02l,P.A.I LTD,40,125,7,50549,190,0,5,0,0,0
מעליות,"Dudu Tassa, Roni Alter",165,spotify:track:2FMwWEcq2uWnc6ILvodlta,Hed Arzi Ltd.,97,178,207,52616,119,0,0,0,0,0
באנו חושך לגרש,"Dudu Tassa, Roni Alter",165,spotify:track:2FMwWEcq2uWnc6ILvodlta,Hed Arzi Ltd.,97,178,207,52616,170,0,0,0,0,0
מעוז צור,"Dudu Tassa, Roni Alter",165,spotify:track:2FMwWEcq2uWnc6ILvodlta,Hed Arzi Ltd.,97,178,207,52616,189,0,0,0,0,0
we can't be friends (wait for your love),Ariana Grande,191,spotify:track:51ZQ1vr10ffzbwIjDCwqm4,Republic Records,14,200,25,48214,193,0,0,0,0,1
Ransom,Ariana Grande,191,spotify:track:51ZQ1vr10ffzbwIjDCwqm4,Republic Records,14,200,25,48214,197,0,0,0,0,1
שיר לשירה,Ariana Grande,191,spotify:track:51ZQ1vr10ffzbwIjDCwqm4,Republic Records,14,200,25,48214,72,0,1,0,0,0
אנטארקטיקה,Ariana Grande,191,spotify:track:51ZQ1vr10ffzbwIjDCwqm4,Republic Records,14,200,25,48214,92,0,1,0,0,0
זן נדיר - Remastered,Ariana Grande,191,spotify:track:51ZQ1vr10ffzbwIjDCwqm4,Republic Records,14,200,25,48214,100,0,1,0,0,1
שיר לנטע,ניר כנען,134,spotify:track:54WbiFSE71t4GwNln4Z2fe,Helicon Music,17,173,36,56349,176,0,26,0,0,0
Pink + White,Frank Ocean,159,spotify:track:3xKsf9qdS1CyvXSMEid6g8,Boys Don't Cry,109,174,62,52230,180,0,0,0,0,1
רק אל תלכי,Frank Ocean,159,spotify:track:3xKsf9qdS1CyvXSMEid6g8,Boys Don't Cry,109,174,62,52230,184,0,0,0,0,0
Popular,Ariana Grande,148,spotify:track:3i8fIJNV0yuC4kXT3SkVBZ,Universal Studios and Republic Records,130,130,2,53199,187,0,0,0,0,1
לא להתאבסס,Anna Zak,162,spotify:track:6RTcp6RWf1IKkxPp9DRYPz,ITModels / Triangle under exclusive license to D-Music,103,152,6,52094,197,0,0,0,0,0
סוף סוף אני,Eden Hason,135,spotify:track:04BEjO8G5HQM24fAvAv1cR,Mobile1 Music,97,97,3,57381,156,0,1,0,0,0
אם את חייבת/אינטרו,Vibe Ish,146,spotify:track:093NpjRdVPM0zE1GlT4gNo,Mobile1 Music,50,167,18,55695,170,0,1,0,0,0
כסף או דמעות,Vibe Ish,146,spotify:track:093NpjRdVPM0zE1GlT4gNo,Mobile1 Music,50,167,18,55695,181,0,0,0,0,0
תיק קטן,"STILLA, Ness",182,spotify:track:3mCCFs2hdDM2mObzARzxOg,2023 Va’ad Ha Bait records By PIL LTD,1,160,84,49653,182,0,20,0,0,0
Ain't No Sunshine,Bill Withers,175,spotify:track:1k1Bqnv2R0uJXQN4u6LKYt,Columbia/Legacy,46,177,77,50738,183,0,23,0,0,1
Defying Gravity,"Cynthia Erivo, Ariana Grande",159,spotify:track:5QMrH5nszZZR3nefIj6Mar,Universal Studios and Republic Records,159,-1,1,53247,184,0,0,0,0,1
י'א 2,Tuna,186,spotify:track:2PpTUW96jjJYr8ib8RUnUu,Anana Ltd.,21,-1,220,48959,185,0,0,0,0,0
מטומטמת,Tuna,186,spotify:track:2PpTUW96jjJYr8ib8RUnUu,Anana Ltd.,21,-1,220,48959,188,0,0,0,0,0
לא יפריד דבר,Danny Sanderson,199,spotify:track:15F9JWEQMs4TwKKwJaANPM,NMC United Entertainment Ltd.,132,198,7,47703,191,0,0,0,0,0
צבעים,Danny Sanderson,199,spotify:track:15F9JWEQMs4TwKKwJaANPM,NMC United Entertainment Ltd.,132,198,7,47703,194,0,0,0,0,0
Bye Bye Bye - From Deadpool and Wolverine Soundtrack,*NSYNC,169,spotify:track:62bOmKYxYg7dhrC6gH9vFn,Jive,32,155,19,51381,197,0,12,0,0,1
עד שתבואי עד אליי,Eden Hason,77,spotify:track:1Rh5r9vUOumJ1sbPuv3dkO,Mobile1 Music,5,71,101,83323,82,0,37,0,0,0
reincarnated,Kendrick Lamar,48,spotify:track:0RgjEkSbeuStKfT2Pa4Zai,"pgLang, under exclusive license to Interscope Records",48,-1,1,115027,95,0,2,0,0,1
wacced out murals,Kendrick Lamar,47,spotify:track:5gOfC9UzZQzTyShqPMrpjT,"pgLang, under exclusive license to Interscope Records",47,-1,1,117545,137,0,1,0,0,1
Embrace It,Ndotz,121,spotify:track:0io16MKpbeDIdYzmGpQaES,Isekai Records,54,87,10,61247,153,0,7,0,0,1
לב שביר,Ndotz,121,spotify:track:0io16MKpbeDIdYzmGpQaES,Isekai Records,54,87,10,61247,155,0,0,0,0,0
heart pt. 6,Kendrick Lamar,68,spotify:track:1SGvjfc85yzqKXsfKcCxn2,"pgLang, under exclusive license to Interscope Records",68,-1,1,91901,165,0,1,0,0,1
All Girls Are The Same,Juice WRLD,190,spotify:track:4VXIryQMWpIdGgYR4TrjT1,Juice WRLD Mixtape / ISR P&D,137,-1,7,47041,180,0,0,0,0,1
What Is This Feeling?,Juice WRLD,190,spotify:track:4VXIryQMWpIdGgYR4TrjT1,Juice WRLD Mixtape / ISR P&D,137,-1,7,47041,189,0,0,0,0,1
Back To Black,Amy Winehouse,176,spotify:track:3FAclTFfvUuQYnEsptbK8w,Universal-Island Records Ltd.,123,199,14,48635,191,0,0,0,0,1
Shut up My Moms Calling,Amy Winehouse,176,spotify:track:3FAclTFfvUuQYnEsptbK8w,Universal-Island Records Ltd.,123,199,14,48635,193,0,0,0,0,1
את חסרה לי & אורות,"Avraham Tal, Eden Hason",178,spotify:track:6Eds9y8ZiQHcIegsEIVcYP,Mobile1 Music,11,195,106,48567,196,0,0,0,0,0
hey now (feat. dody6),"Kendrick Lamar, Dody6",60,spotify:track:5S8VwnB4sLi6W0lYTWYylu,"pgLang, under exclusive license to Interscope Records",60,-1,1,95940,200,0,1,0,0,1
man at the garden,"Kendrick Lamar, Dody6",60,spotify:track:5S8VwnB4sLi6W0lYTWYylu,"pgLang, under exclusive license to Interscope Records",60,-1,1,95940,58,0,1,0,0,1
"dodger blue (feat. wallie the sensei, siete7x, roddy ricch)","Kendrick Lamar, Dody6",60,spotify:track:5S8VwnB4sLi6W0lYTWYylu,"pgLang, under exclusive license to Interscope Records",60,-1,1,95940,80,0,1,0,0,1
gloria (with sza),"Kendrick Lamar, Dody6",60,spotify:track:5S8VwnB4sLi6W0lYTWYylu,"pgLang, under exclusive license to Interscope Records",60,-1,1,95940,81,0,1,0,0,1
"gnx (feat. hitta j3, youngthreat, peysoh)","Kendrick Lamar, Dody6",60,spotify:track:5S8VwnB4sLi6W0lYTWYylu,"pgLang, under exclusive license to Interscope Records",60,-1,1,95940,114,0,0,0,0,1
יש לי חור בלב בצורה שלך,"Girafot, אלמוג",92,spotify:track:0tx3OWVFMJ5GgrGa9QGFaQ,Universal Music Israel Distributed Labels,47,106,138,69329,115,0,3,0,0,0
(Sittin' On) the Dock of the Bay,Otis Redding,131,spotify:track:3zBhihYUHBmGd2bcQIobrF,Rhino Atlantic,131,131,5,55074,150,0,0,0,0,1
רונדלים,Static,114,spotify:track:3Au0H4VhjcXZ5HGOHo8Nc3,Mobile1 Music,3,121,92,59534,158,0,42,0,0,0
מדליקה לי הכל,Eden Hason,139,spotify:track:7rNA5Jwu23g7PaXcMwfLdq,Mobile1 Music,7,193,143,53636,170,0,0,0,0,0
St. Chroma (feat. Daniel Caesar),"Tyler, The Creator, Daniel Caesar",154,spotify:track:1QoyuMHNBe7lg3YW4Qtll4,Columbia,50,98,4,50933,195,0,3,0,0,1
The Emptiness Machine,"Tyler, The Creator, Daniel Caesar",154,spotify:track:1QoyuMHNBe7lg3YW4Qtll4,Columbia,50,98,4,50933,152,0,0,0,0,1
מגדלים - לייב מבריכת הסולטן,"Tyler, The Creator, Daniel Caesar",154,spotify:track:1QoyuMHNBe7lg3YW4Qtll4,Columbia,50,98,4,50933,161,0,0,0,0,0
חרבו דרבו,"STILLA, Ness",142,spotify:track:6IVIMUcrykPBQqWVA0g7zw,2023 Maman Productions & Va’ad Ha Bait Records by PIL ltd,1,125,51,52303,162,0,5,0,0,0
לילה טוב,Odeya,157,spotify:track:1WqRnSjBc7L2DnLzsNvqOm,Helicon Aroma Music Ltd.,47,172,11,49817,169,0,0,0,0,0
עכשיו התור לאהבה,Omer Adam,171,spotify:track:49pn67BTjYDLqzDkOFrm1E,P.A.I LTD,59,139,6,47783,186,0,3,0,0,0
עוד יום,Omer Adam,171,spotify:track:49pn67BTjYDLqzDkOFrm1E,P.A.I LTD,59,139,6,47783,198,0,0,0,0,0
תראי אהובתי,Osher Cohen,144,spotify:track:6uCZdJ3p3hrfi6mRKVtt7k,Helicon Aroma Music Ltd./ P.A.I Production Adam Investment Ltd.,10,121,91,50135,153,0,21,0,0,0
ניצחונות קטנים,Nathan Goshen,188,spotify:track:66LQkHS38PqBwy97zJZuGY,Nathan Goshen under exclusive license to D-Music,115,164,5,45719,158,0,0,0,0,0
חומר ממכר,Ben Chen,164,spotify:track:2vR9gmLutur2qzskoEcYna,Helicon Music,30,142,26,47962,167,0,18,0,0,0
עטלף,Static,134,spotify:track:196lkHGqjAKd2gwAGGt9XG,Mobile1 Music,126,-1,5,51541,168,0,0,0,0,0
לך אלי,Static,134,spotify:track:196lkHGqjAKd2gwAGGt9XG,Mobile1 Music,126,-1,5,51541,181,0,0,0,0,0
גשם,Static,134,spotify:track:196lkHGqjAKd2gwAGGt9XG,Mobile1 Music,126,-1,5,51541,191,0,0,0,0,0
שכחתי מזמן,Eyal Golan,153,spotify:track:1wvwnZRwqofa1YDTNyOm07,Liam Productions under exclusive license to D-Music,37,125,30,49013,195,0,19,0,0,0
סיגליות,"Omer Adam, David Broza",181,spotify:track:3Q6d64XJr20cHQtRd07YGj,P.A.I LTD,37,197,72,46198,199,0,0,0,0,0
"Darling, I (feat. Teezo Touchdown)","Tyler, The Creator, Teezo Touchdown",91,spotify:track:0VaeksJaXy5R1nvcTMh3Xk,Columbia,91,-1,1,57815,128,0,1,0,0,1
Noid,"Tyler, The Creator",51,spotify:track:1YdtGoSYDvVQKoUqSDXX41,Columbia,51,-1,1,83752,154,0,1,0,0,1
סלינה,Peer Tasi,154,spotify:track:3piVfvEpcO5TXO1qn55NtX,Peer Tasi LTD under exclusive license to D-Music,41,110,23,47300,157,0,19,0,0,0
קחי לך זמן,יציאת חירום,144,spotify:track:4jurtysyzLBMr64w1uYIau,2014 Way Not Productions By PIL LTD,144,184,5,48399,165,0,0,0,0,0
להאמין,"Doli & Penn, Idan Raichel",149,spotify:track:3HkHwuHaOn1F9vEZxIEqCw,Dolev Ram & Penn Hazut / Helicon Ltd. under exclusive license to D-Music,58,-1,70,47636,166,0,0,0,0,0
Alibi (with Pabllo Vittar & Yseult),"Sevdaliza, Pabllo Vittar, Yseult",151,spotify:track:5496lks6V3fh1mZAB6IAap,Twisted Elegance,78,139,16,47565,168,0,7,0,0,1
FE!N (feat. Playboi Carti),"Travis Scott, Playboi Carti",155,spotify:track:42VsgItocQwOQC3XWZ8JNA,Cactus Jack/Epic,28,127,40,46902,171,0,0,0,0,1
Rah Tah Tah,"Tyler, The Creator",92,spotify:track:5RePVWy39tLpHH0WwXgBsK,Columbia,92,-1,1,57618,177,0,1,0,0,1
פרנציפ,"Static, Ness, STILLA",134,spotify:track:4paVKldW1YeVqHdpFomk2O,Mobile1 Music,74,126,7,50073,178,0,2,0,0,0
NEW DROP,Don Toliver,162,spotify:track:2c7z5oRcPBbqRaBY2mLWcf,Cactus Jack / Atlantic,162,-1,1,45973,179,0,0,0,0,1
Night Changes,One Direction,116,spotify:track:5O2P9iiztwhomNh8xkR9lJ,Syco Music,106,106,2,52767,183,0,0,0,0,1
Creep,Radiohead,194,spotify:track:70LcF31zb1H0PyJoS1Sx1r,XL Recordings,156,-1,6,42720,191,0,0,0,0,1
Story of My Life,One Direction,122,spotify:track:4nVBt6MZDDP6tRVdQTgxJg,Syco Music,99,99,2,51147,194,0,1,0,0,1
שמלה כחולה,Liran Danino,172,spotify:track:4jF2KwFgnuwvAk1rHbCBx7,A.M Music Productions LTD,143,-1,3,44781,195,0,0,0,0,0
Disease,Liran Danino,172,spotify:track:4jF2KwFgnuwvAk1rHbCBx7,A.M Music Productions LTD,143,-1,3,44781,147,0,0,0,0,1
Wonderwall - Remastered,Oasis,142,spotify:track:5qqabIl2vWzo9ApSC317sa,Big Brother,100,178,56,46363,160,0,0,0,0,1
סהרה,Tuna,154,spotify:track:3uidHx3If1PWAOCMcCdkNH,NaNa Disc,10,-1,135,44345,167,0,0,0,0,0
תרקדי (7.10.23),Tuna,154,spotify:track:3uidHx3If1PWAOCMcCdkNH,NaNa Disc,10,-1,135,44345,170,0,0,0,0,0
"Sticky (feat. GloRilla, Sexyy Red & Lil Wayne)",Tuna,154,spotify:track:3uidHx3If1PWAOCMcCdkNH,NaNa Disc,10,-1,135,44345,171,0,0,0,0,1
חייזרית,Peer Tasi,145,spotify:track:6gDb8gPgdv49sJJ0VpqEMp,Peer Tasi LTD under exclusive license to D-Music,54,138,22,45889,173,0,16,0,0,0
Sparks,Peer Tasi,145,spotify:track:6gDb8gPgdv49sJJ0VpqEMp,Peer Tasi LTD under exclusive license to D-Music,54,138,22,45889,176,0,0,0,0,1
The Door,Peer Tasi,145,spotify:track:6gDb8gPgdv49sJJ0VpqEMp,Peer Tasi LTD under exclusive license to D-Music,54,138,22,45889,179,0,0,0,0,1
אקורדים בלילות,Peer Tasi,145,spotify:track:6gDb8gPgdv49sJJ0VpqEMp,Peer Tasi LTD under exclusive license to D-Music,54,138,22,45889,183,0,0,0,0,0
מכה אפורה,Peer Tasi,145,spotify:track:6gDb8gPgdv49sJJ0VpqEMp,Peer Tasi LTD under exclusive license to D-Music,54,138,22,45889,185,0,0,0,0,0
Why'd You Only Call Me When You're High?,Arctic Monkeys,187,spotify:track:086myS9r57YsLbJpU0TgK9,Domino Recording Co,94,-1,134,41070,195,0,0,0,0,1
רק הזמן,Jasmin Moallem,70,spotify:track:1KMT5j1608afIjko14UBNP,Helicon Music,70,77,3,59798,147,0,2,0,0,0
לחזור הביתה,Jasmin Moallem,70,spotify:track:1KMT5j1608afIjko14UBNP,Helicon Music,70,77,3,59798,157,0,0,0,0,0
עם ישראל חי,Eyal Golan,183,spotify:track:31HDrKLG70d8SY6UU4sl9l,Liam Productions under exclusive license to D-Music,7,-1,40,39447,168,0,0,0,0,0
דרבק,Moni,188,spotify:track:4uL9uKOOrtjuAoXLaeDyoa,Rad Star Management,59,186,19,38867,170,0,13,0,0,0
גדל לי קצת זקן,Moni,188,spotify:track:4uL9uKOOrtjuAoXLaeDyoa,Rad Star Management,59,186,19,38867,178,0,0,0,0,0
עיר נמל,Eyal Golan,171,spotify:track:0tz3QCsEBQDsXGqden3NEI,Liam Productions under exclusive license to D-Music,11,191,82,41075,180,0,20,0,0,0
אפס מאמץ,"Static & Ben El, Netta",158,spotify:track:2liUMhNvpAxRNVAGnz8jNJ,Mobile1 Music,1,122,139,42664,182,0,2,0,0,0
Don't Stop Me Now - Remastered 2011,"Static & Ben El, Netta",158,spotify:track:2liUMhNvpAxRNVAGnz8jNJ,Mobile1 Music,1,122,139,42664,190,0,0,0,0,1
דבש ותפוח,Tomer Yosef,150,spotify:track:5fFNw4YX4N8sR1CFzbPTDW,NaNa Disc,90,160,130,43697,194,0,0,0,0,0
Gata Only,"FloyyMenor, Cris Mj",182,spotify:track:2esZG2XFtuoWWA9AfDvSxy,FloyyMenor under exclusive license to UnitedMasters LLC,42,180,27,39461,197,0,19,0,0,1
As It Was,"FloyyMenor, Cris Mj",182,spotify:track:2esZG2XFtuoWWA9AfDvSxy,FloyyMenor under exclusive license to UnitedMasters LLC,42,180,27,39461,200,0,0,0,0,1
BA DA BING,Noa Kirel,110,spotify:track:0WAMFZu9JKJ4HN3dzzPUgI,Noa Kirel Music LCC,64,66,5,51901,131,0,4,0,0,1
הלב שלי,Ishay Ribo,159,spotify:track:7Ck421SAROdN0Q6RXMbic7,2019 Ishay Ribo BY PIL LTD,4,192,158,44130,157,0,0,0,0,0
סדר העבודה,Ishay Ribo,159,spotify:track:7Ck421SAROdN0Q6RXMbic7,2019 Ishay Ribo BY PIL LTD,4,192,158,44130,172,0,0,0,0,0
יהי רצון,Ishay Ribo,195,spotify:track:4ERPLdXEg2WqLoKNKnV7Vi,2024 Ishay Ribo | Or Davidson by PIL ltd,195,-1,1,40305,176,0,0,0,0,0
Guess featuring billie eilish,"Charli xcx, Billie Eilish",170,spotify:track:3WOhcATHxK2SLNeP5W3v1v,Atlantic Records,38,148,10,42695,177,0,6,0,0,1
סטלות,Omer Adam,181,spotify:track:2KBtuxA73fMKyj37wr1XKM,P.A.I LTD,13,138,59,41474,193,0,38,0,0,0
מפת העולם,Peer Tasi,163,spotify:track:0KING5MxpAvRENMUzhkBtc,Peer Tasi LTD under exclusive license to D-Music,54,151,20,43690,195,0,16,0,0,0
אם רק תדברי,Peer Tasi,163,spotify:track:0KING5MxpAvRENMUzhkBtc,Peer Tasi LTD under exclusive license to D-Music,54,151,20,43690,139,0,0,0,0,0
שוב אני בדד,Eyal Golan,91,spotify:track:1EZj3gwDRCDVTxJAIGUtMQ,Liam Productions under exclusive license to D-Music,41,83,7,56460,148,0,7,0,0,0
Revenge,Eyal Golan,91,spotify:track:1EZj3gwDRCDVTxJAIGUtMQ,Liam Productions under exclusive license to D-Music,41,83,7,56460,189,0,0,0,0,1
מה לעשות עם הזאב,Alma Gov,146,spotify:track:6ClLC1FYoL8orfOrcknQkk,Universal Music Israel Distributed Labels,20,127,33,45945,192,0,28,0,0,0
יאללה יא נסראללה,Alma Gov,146,spotify:track:6ClLC1FYoL8orfOrcknQkk,Universal Music Israel Distributed Labels,20,127,33,45945,67,0,1,0,0,0
בראש השנה,Alma Gov,146,spotify:track:6ClLC1FYoL8orfOrcknQkk,Universal Music Israel Distributed Labels,20,127,33,45945,97,0,1,0,0,0
כפיות,Eden Hason,190,spotify:track:02hXZxgl6XwtAdK9y2sb6B,Mobile1 Music,1,155,140,45861,177,0,0,0,0,0
שיהיה לך טוב,Noa Kirel,128,spotify:track:6Uk0HOyZ3MVw0Mg55Gvxj8,Noa Kirel under exclusive license to NMC United Entertainment Ltd.,121,121,3,54040,180,0,0,0,0,0
עוד לא נגמר,Osher Cohen,135,spotify:track:2tVQnp6k62bMTsWQJYvQXz,Helicon Aroma Music Ltd. / P.A.I Ltd.,34,114,10,52988,187,0,8,0,0,0
איך את אוהבת,Osher Cohen,135,spotify:track:2tVQnp6k62bMTsWQJYvQXz,Helicon Aroma Music Ltd. / P.A.I Ltd.,34,114,10,52988,194,0,0,0,0,0
A+ (feat. Ravid Plotnik),"Noga Erez, Ravid Plotnik",79,spotify:track:34R5dih7V1DWiuuUxH2tcj,Atlantic Records/Neon Gold,79,-1,1,69048,195,0,1,0,0,1
משקפיים,"Noa Kirel, Itay Galo",147,spotify:track:5OQrgklT1x9uOr2ee5hlHB,Noa Kirel / Itay Galo / Tal Castiel Music & Ent under exclusive license to D-Music,23,132,15,51334,198,0,13,0,0,0
חלל,"Noa Kirel, Itay Galo",147,spotify:track:5OQrgklT1x9uOr2ee5hlHB,Noa Kirel / Itay Galo / Tal Castiel Music & Ent under exclusive license to D-Music,23,132,15,51334,148,0,0,0,0,0
אני,Omer Adam,118,spotify:track:5qbezFG8xCtoyUfOcjHUXv,P.A.I LTD,1,199,89,58399,154,0,0,0,0,0
שיחות שלום,Omer Adam,118,spotify:track:5qbezFG8xCtoyUfOcjHUXv,P.A.I LTD,1,199,89,58399,155,0,0,0,0,0
אני שלך,Avraham Tal,196,spotify:track:5rg4MXC9LBysvrBLrt6i3O,Digistage,120,147,13,46840,162,0,0,0,0,0
GODMOTHER (feat. Eden Ben Zaken),Avraham Tal,196,spotify:track:5rg4MXC9LBysvrBLrt6i3O,Digistage,120,147,13,46840,165,0,0,0,0,1
יהונתן,Avraham Tal,196,spotify:track:5rg4MXC9LBysvrBLrt6i3O,Digistage,120,147,13,46840,170,0,0,0,0,0
It's ok I'm ok,Tate McRae,171,spotify:track:24XihnoVPWXlKJ4BgXqjVM,RCA Records Label,171,-1,1,49395,180,0,0,0,0,1
מעונה לעונה,Tate McRae,171,spotify:track:24XihnoVPWXlKJ4BgXqjVM,RCA Records Label,171,-1,1,49395,184,0,0,0,0,0
גושפנקא,"E-Z, Noa Kirel",149,spotify:track:5I0WaR0LpN4Kn1zwbvd145,Unicell,15,-1,58,53077,192,0,0,0,0,0
Numb,Linkin Park,140,spotify:track:2nLtzopw4rPReszdYBJU6h,Warner Records,140,144,2,55155,193,0,0,0,0,1
September,Linkin Park,140,spotify:track:2nLtzopw4rPReszdYBJU6h,Warner Records,140,144,2,55155,197,0,0,0,0,1
Demons,Imagine Dragons,175,spotify:track:5qaEfEh1AtSdrdrByCP7qR,Kid Ina Korner / Interscope,50,191,95,49160,198,0,0,0,0,1
Hymn for the Weekend,Imagine Dragons,175,spotify:track:5qaEfEh1AtSdrdrByCP7qR,Kid Ina Korner / Interscope,50,191,95,49160,199,0,0,0,0,1
הכל טוב אחי,Imagine Dragons,175,spotify:track:5qaEfEh1AtSdrdrByCP7qR,Kid Ina Korner / Interscope,50,191,95,49160,200,0,0,0,0,0
ALL RED,Imagine Dragons,175,spotify:track:5qaEfEh1AtSdrdrByCP7qR,Kid Ina Korner / Interscope,50,191,95,49160,124,0,0,0,0,1
BAND4BAND (feat. Lil Baby),"Central Cee, Lil Baby",116,spotify:track:7iabz12vAuVQYyekFIWJxD,Columbia,36,94,16,56854,158,0,14,0,0,1
Yamore,"MoBlack, Salif Keita, Benja (NL), Franc Fala, Cesária Evora",141,spotify:track:480j122Gpi252OIfy4SNzm,Universal Music Division Decca Records France,118,122,7,51914,163,0,0,0,0,1
Skyfall,Adele,175,spotify:track:6VObnIkLVruX4UVyxWhlqm,XL Recordings/Columbia,119,196,5,47831,165,0,0,0,0,1
Someone Like You,Adele,163,spotify:track:5lkpeJwmQKgY3bX2zChjxX,XL Recordings,141,186,5,48876,170,0,0,0,0,1
פזמון אחר,Eyal Golan,169,spotify:track:5sUTab2UduAG5tZSjrFsaN,Liam Productions under exclusive license to D-Music,61,139,22,48170,177,0,9,0,0,0
מתי את חוזרת,Eyal Golan,169,spotify:track:5sUTab2UduAG5tZSjrFsaN,Liam Productions under exclusive license to D-Music,61,139,22,48170,180,0,0,0,0,0
Evergreen,Richy Mitch & The Coal Miners,184,spotify:track:6me7F0aaZjwDo6RJ5MrfBD,Richy Mitch & The Coal Miners,83,197,26,46878,186,0,0,0,0,1
Rolling in the Deep,Adele,131,spotify:track:6IAZHEBUIGJ6NJKxxOBIEr,XL Recordings,116,144,11,54127,188,0,0,0,0,1
נזכרה בי,Peer Tasi,158,spotify:track:4YboX8Ua3NErCD3ActvWM9,Peer Tasi LTD under exclusive license to D-Music,76,107,16,49916,189,0,8,0,0,0
Dancing In The Flames,Peer Tasi,158,spotify:track:4YboX8Ua3NErCD3ActvWM9,Peer Tasi LTD under exclusive license to D-Music,76,107,16,49916,199,0,0,0,0,1
i like the way you kiss me,Artemas,113,spotify:track:3JG1uFc40wfyrqaWC7iv0e,Artemas,20,126,24,55810,138,0,20,0,0,1
MILLION DOLLAR BABY,Tommy Richman,140,spotify:track:5AJ9hqTS2wcFQCELCFRO7A,PULSE Records,17,106,18,50819,177,0,16,0,0,1
סן דייגו,Tommy Richman,140,spotify:track:5AJ9hqTS2wcFQCELCFRO7A,PULSE Records,17,106,18,50819,186,0,0,0,0,0
על קו הזינוק,Tommy Richman,140,spotify:track:5AJ9hqTS2wcFQCELCFRO7A,PULSE Records,17,106,18,50819,190,0,0,0,0,0
Forever Young,Alphaville,155,spotify:track:4S1VYqwfkLit9mKVY3MXoo,WM Germany,152,152,4,48559,194,0,0,0,0,1
עוד טיפה,Alphaville,155,spotify:track:4S1VYqwfkLit9mKVY3MXoo,WM Germany,152,152,4,48559,124,0,0,0,0,0
Don't Look Back in Anger - Remastered,Alphaville,155,spotify:track:4S1VYqwfkLit9mKVY3MXoo,WM Germany,152,152,4,48559,130,0,0,0,0,1
Big Dawgs,"Hanumankind, Kalmi",122,spotify:track:0OA00aPt3BV10qeMIs3meW,Universal Music India Pvt Ltd.,108,134,4,56348,134,0,0,0,0,1
Vehi,"Hanumankind, Kalmi",122,spotify:track:0OA00aPt3BV10qeMIs3meW,Universal Music India Pvt Ltd.,108,134,4,56348,146,0,0,0,0,1
משוגעת,"Gal Adam, NOROZ",132,spotify:track:3idINUuyRidKbQiMFt6EkU,P.A.I LTD / NOROZ under exclusive license to D-Music,4,97,87,54512,164,0,1,0,0,0
Take on Me,a-ha,194,spotify:track:2WfaOiMkCvy7F5fcp2zZ8L,Rhino,140,142,21,46360,165,0,0,0,0,1
אין מספיק זמן,Yoshi,120,spotify:track:3MB1afOMzspYZUHF5cB0dq,Universal Music Israel Distributed Labels,106,177,62,56625,171,0,0,0,0,0
יום חדש,Yoshi,120,spotify:track:3MB1afOMzspYZUHF5cB0dq,Universal Music Israel Distributed Labels,106,177,62,56625,176,0,0,0,0,0
KEHLANI,Jordan Adetunji,168,spotify:track:2hrycoFU1mZw6YPvMcn8yC,300 Entertainment,120,186,4,50152,178,0,0,0,0,1
LUNCH,Billie Eilish,150,spotify:track:629DixmZGHc7ILtEntuiWE,Darkroom/Interscope Records,10,131,15,52478,187,1,13,1,0,1
מחשבות,Billie Eilish,150,spotify:track:629DixmZGHc7ILtEntuiWE,Darkroom/Interscope Records,10,131,15,52478,190,0,0,0,0,0
חמישי שישי,"Osher Cohen, Nadav Navi Aharoni",162,spotify:track:57BFhpG4Iq4Zgnoz2X6zbT,Helicon Aroma Music Ltd./ P.A.I Production Adam Investment Ltd.,17,-1,99,52534,188,0,0,0,0,0
Way down We Go,KALEO,181,spotify:track:0y1QJc3SJVPKJ1OvFmFqe6,Elektra (NEK),158,158,9,48637,190,0,0,0,0,1
38 וחוץ מכדורגל,KALEO,181,spotify:track:0y1QJc3SJVPKJ1OvFmFqe6,Elektra (NEK),158,158,9,48637,196,0,0,0,0,0
Lifamim,KALEO,181,spotify:track:0y1QJc3SJVPKJ1OvFmFqe6,Elektra (NEK),158,158,9,48637,130,0,0,0,0,1
שאריות מעצמי,KALEO,181,spotify:track:0y1QJc3SJVPKJ1OvFmFqe6,Elektra (NEK),158,158,9,48637,136,0,0,0,0,0
Cruel Summer,Taylor Swift,163,spotify:track:1BxfuPKGuaTgP7aM0Bbdwr,Taylor Swift,56,152,60,45146,188,0,0,0,0,1
Have You Ever Seen The Rain,Creedence Clearwater Revival,164,spotify:track:2LawezPeJhN4AWuSB0GtAU,Craft Recordings,164,164,12,44882,195,0,0,0,0,1
greedy,Tate McRae,184,spotify:track:3rUGC1vUpkDG9CZFHMur1t,RCA Records Label,6,167,48,42441,197,0,23,0,0,1
עד שיירד הסהר,Osher Cohen,169,spotify:track:1pizAMAnDm5kDUSBKY3SPk,Helicon Aroma Music Ltd./ P.A.I Ltd.,6,136,26,42529,123,2,17,1,0,0
Apple,Charli xcx,137,spotify:track:19RybK6XDbAVpcdxSbZL1o,Atlantic Records,137,-1,1,47009,159,0,0,0,0,1
Houdini,Eminem,105,spotify:track:1CDQzbCz4KSQxHe7LMEgRM,Shady/Aftermath/Interscope Records,14,80,10,55072,161,0,9,0,0,1
Belong Together,Mark Ambor,179,spotify:track:5uQ7de4EWjb3rkcFxyEOpu,"Hundred Days Records, LLC",110,170,15,41570,177,0,0,0,0,1
המצב של היום,Mark Ambor,179,spotify:track:5uQ7de4EWjb3rkcFxyEOpu,"Hundred Days Records, LLC",110,170,15,41570,180,0,0,0,0,0
שעתיים,Mark Ambor,179,spotify:track:5uQ7de4EWjb3rkcFxyEOpu,"Hundred Days Records, LLC",110,170,15,41570,187,0,0,0,0,0
Blinding Lights,The Weeknd,175,spotify:track:0VjIjW4GlUZAMYd2vXMi3b,Republic Records,1,197,215,41944,194,0,0,0,0,1
fukumean,Gunna,177,spotify:track:4rXLjWdF2ZZpXCVTfWcshS,300 Entertainment,32,-1,35,41923,198,0,0,0,0,1
דובשנייה,Gunna,177,spotify:track:4rXLjWdF2ZZpXCVTfWcshS,300 Entertainment,32,-1,35,41923,199,0,0,0,0,0
בגלגול הבא,Odeya,191,spotify:track:1b8Zi0VlYH3M7eeXQZ7APz,Helicon Aroma Music Ltd.,86,159,7,40781,200,0,0,0,0,0
Stargazing,Myles Smith,148,spotify:track:3Vr3zh0r7ALn8VLqCiRR10,RCA Records Label,135,153,9,48616,132,0,0,0,0,1
FIELD TRIP,Myles Smith,148,spotify:track:3Vr3zh0r7ALn8VLqCiRR10,RCA Records Label,135,153,9,48616,142,0,0,0,0,1
Where Are You Now,Myles Smith,148,spotify:track:3Vr3zh0r7ALn8VLqCiRR10,RCA Records Label,135,153,9,48616,166,0,0,0,0,1
Slow It Down,Myles Smith,148,spotify:track:3Vr3zh0r7ALn8VLqCiRR10,RCA Records Label,135,153,9,48616,178,0,0,0,0,1
I Don't Wanna Wait,Myles Smith,148,spotify:track:3Vr3zh0r7ALn8VLqCiRR10,RCA Records Label,135,153,9,48616,186,0,0,0,0,1
טן טן טן,Ofek Adanek,181,spotify:track:5FGZ7S2rqgXeqkPR2jyO1R,2019 Level Up and Up Company BY PIL LTD,181,-1,1,43665,187,0,0,0,0,0
Did It First (with Central Cee),"Ice Spice, Central Cee",158,spotify:track:57lsYy0OZLNb5OQ7fEa3Hs,10K Projects/Capitol Records,158,-1,1,46296,188,0,0,0,0,1
בחורה טובה,"Osher Cohen, Lior Narkis",73,spotify:track:2LWF1rZLLwaHhpC4T9ra9i,Helicon Aroma Music Ltd. / P.A.I Ltd.,73,-1,1,79970,100,0,2,0,0,0
Vienna,Billy Joel,164,spotify:track:4U45aEWtQhrm8A5mxPaFZ7,Columbia/Legacy,164,-1,11,48889,145,0,0,0,0,1
ליבי,Peer Tasi,126,spotify:track:21sUkbh9rQ8p4luwW9nCpH,Peer Tasi LTD under exclusive license to D-Music,90,114,9,54969,166,0,3,0,0,0
Dust in the Wind,Peer Tasi,126,spotify:track:21sUkbh9rQ8p4luwW9nCpH,Peer Tasi LTD under exclusive license to D-Music,90,114,9,54969,177,0,0,0,0,1
חורף באילת,Eden Hason,155,spotify:track:7b6htbJnRzDhQL0RyptHvU,Mobile1 Music,99,111,5,50012,189,0,1,0,0,0
Watermelon Sugar,Harry Styles,150,spotify:track:6UelLqGlWMcVH1E5c4H7lY,Columbia,9,140,206,50826,195,0,0,0,0,1
רבות הדרכים / עושה לי צרות - Live,Harry Styles,150,spotify:track:6UelLqGlWMcVH1E5c4H7lY,Columbia,9,140,206,50826,199,0,0,0,0,1
נשימה,Chen Aharoni,132,spotify:track:4bm2aZg3iiqMjO3MIiyhAo,Mobile1 Music,73,-1,71,54919,179,0,0,0,0,0
Hips Don't Lie (feat. Wyclef Jean),"Shakira, Wyclef Jean",172,spotify:track:3ZFTkvIE7kyPt6Nu3PEa7V,Epic,172,-1,1,49539,185,0,0,0,0,1
Kvish Hachof,Static & Ben El,185,spotify:track:3l82VKxo78MFrFOZkAKD4u,Mobile1 Music,140,-1,18,47667,196,0,0,0,0,1
Renaissance,Static & Ben El,185,spotify:track:3l82VKxo78MFrFOZkAKD4u,Mobile1 Music,140,-1,18,47667,112,0,0,0,0,1
Habits,Static & Ben El,185,spotify:track:3l82VKxo78MFrFOZkAKD4u,Mobile1 Music,140,-1,18,47667,115,0,0,0,0,1
Tobey (feat. Big Sean and BabyTron),"Eminem, Big Sean, BabyTron",137,spotify:track:4KWeGKChLKcnZsj3sIOSkW,Shady/Aftermath/Interscope Records,137,-1,1,54396,133,0,0,0,0,1
Fuel,"Eminem, Big Sean, BabyTron",137,spotify:track:4KWeGKChLKcnZsj3sIOSkW,Shady/Aftermath/Interscope Records,137,-1,1,54396,138,0,0,0,0,1
Brand New Dance,"Eminem, Big Sean, BabyTron",137,spotify:track:4KWeGKChLKcnZsj3sIOSkW,Shady/Aftermath/Interscope Records,137,-1,1,54396,169,0,0,0,0,1
מה עשית לי,Eden Hason,123,spotify:track:3LBSTYr6obFNcK0iICM0Dg,Mobile1 Music,85,112,3,56326,181,0,1,0,0,0
בנות כמוני לא בוכות,Noa Kirel,192,spotify:track:2gwiDHH38cpSXuMU6Iu53d,Noa Kirel under exclusive license to NMC United Entertainment Ltd.,40,170,14,47333,194,0,8,0,0,0
Tough,"Quavo, Lana Del Rey",135,spotify:track:22DH8NChecsgPxDjA4pqer,Quality Control Music/Motown Records,135,-1,1,54433,195,0,0,0,0,1
קריוקי,"Tuna, Peer Tasi",197,spotify:track:6xhxulJ4BXNlnDmw3KpDP0,NaNa Disc,24,-1,21,46740,199,0,0,0,0,0
I Ain't Worried,OneRepublic,113,spotify:track:4fYte8ZvTK14NEhAOZocBi,Mosley Music/Interscope Records,14,126,106,60279,145,0,1,0,0,1
שלום אהובתי,Eyal Golan,180,spotify:track:5E8VSBEyekvkqIrDs5IOio,Liam Productions under exclusive license to D-Music,11,149,42,48898,156,0,0,0,0,0
יוני,Peer Tasi,164,spotify:track:2BOZaITgFVIcnfSD524zo4,Peer Tasi LTD under exclusive license to D-Music,102,192,6,50706,188,0,0,0,0,0
Like That,"Future, Metro Boomin, Kendrick Lamar",196,spotify:track:2tudvzsrR56uom6smgOcSf,Wilburn Holding Co./Boominati/Epic/Republic,21,161,15,46739,193,0,10,0,0,1
ללמוד לעוף,Akiva,81,spotify:track:7pLU1N4f871QqtSckS8nvB,2024 Akiva Turgeman | Or Davidson by PIL ltd,81,158,3,72854,138,0,1,0,0,0
Fortnight (feat. Post Malone),"Taylor Swift, Post Malone",182,spotify:track:2OzhQlSqBEmt7hmkYxfT6m,Taylor Swift,25,154,9,46042,195,0,5,0,0,1
באך,"Taylor Swift, Post Malone",182,spotify:track:2OzhQlSqBEmt7hmkYxfT6m,Taylor Swift,25,154,9,46042,125,0,0,0,0,0
Without Me,Eminem,151,spotify:track:7lQ8MOhq6IN2w8EYcFNSUk,Aftermath,94,147,72,51994,199,0,0,0,0,1
L’AMOUR DE MA VIE,Billie Eilish,167,spotify:track:6fPan2saHdFaIHuTSatORv,Darkroom/Interscope Records,67,103,3,51480,167,0,1,0,0,1
BLUE,Billie Eilish,142,spotify:track:2prqm9sPLj10B4Wg0wE5x9,Darkroom/Interscope Records,64,98,3,54814,174,0,2,0,0,1
גפרור,Peer Tasi,136,spotify:track:68H86iRZFd5IWbDrjGTa4t,Peer Tasi LTD under exclusive license to D-Music,136,-1,1,55497,179,0,0,0,0,0
vampire,Peer Tasi,136,spotify:track:68H86iRZFd5IWbDrjGTa4t,Peer Tasi LTD under exclusive license to D-Music,136,-1,1,55497,197,0,0,0,0,1
The Code,Nemo,53,spotify:track:1EjIXKhNHI00ZLMRpS8iz8,Better Now Records,16,26,3,102477,101,0,3,0,0,1
CARNIVAL,"¥$, Kanye West, Ty Dolla $ign",108,spotify:track:3w0w2T288dec0mgeZZqoNN,YZY,22,96,16,61637,134,0,15,0,0,1
euphoria,Kendrick Lamar,95,spotify:track:77DRzu7ERs0TX3roZcre7Q,"Kendrick Lamar, under exclusive license to Interscope Records",12,62,5,68050,154,0,5,0,0,1
אינטלקטוערסית,Odeya,194,spotify:track:4E5fqKktoOAT3shxlolPBm,Helicon Aroma Music Ltd.,5,139,50,47932,171,0,11,0,0,0
שיר לטל,Odeya,194,spotify:track:4E5fqKktoOAT3shxlolPBm,Helicon Aroma Music Ltd.,5,139,50,47932,187,0,0,0,0,0
Mon amour,Slimane,89,spotify:track:4BVcVEp6Df9VQN5qFwxDn3,Universal Music Division Capitol Music France,39,46,3,69888,197,0,3,0,0,1
THE GREATEST,Billie Eilish,61,spotify:track:6TGd66r0nlPaYm3KIoI7ET,Darkroom/Interscope Records,61,-1,1,89214,109,0,1,0,0,1
בובה,Noam Bettan,126,spotify:track:5edYMsNo852Zw29Qni9p8t,Zaav Music / Noam Bettan under exclusive license to D-Music,15,128,72,54153,111,0,3,0,0,0
SKINNY,Billie Eilish,51,spotify:track:1CsMKhwEmNnmvHUuO5nryA,Darkroom/Interscope Records,51,-1,1,97906,113,0,1,0,0,1
Rim Tim Tagi Dim,Baby Lasagna,59,spotify:track:5TswDbxMnxptgFTf6ZxvXQ,Polydor / Universal Music Hrvatska,33,33,2,92458,135,0,2,0,0,1
נשמה שלי את,אבירם עמר,102,spotify:track:3kgOZqPw2xurllVbuNxg8E,Session42,68,89,15,60706,147,0,11,0,0,0
Water,Tyla,164,spotify:track:5aIVCx5tnk0ntmdiinnYvw,FAX Records/Epic,81,175,30,48729,169,0,6,0,0,1
לא תראה אותי בוכה,Eden Hason,124,spotify:track:5JGVm5Xshr1IlNlW9phZFQ,Mobile1 Music,18,92,47,54268,177,0,20,0,0,0
THE DINER,Billie Eilish,84,spotify:track:1LLUoftvmTjVNBHZoQyveF,Darkroom/Interscope Records,84,-1,1,72351,183,0,1,0,0,1
הכי יפה בעולם,Billie Eilish,84,spotify:track:1LLUoftvmTjVNBHZoQyveF,Darkroom/Interscope Records,84,-1,1,72351,189,0,0,0,0,0
BITTERSUITE,Billie Eilish,84,spotify:track:1LLUoftvmTjVNBHZoQyveF,Darkroom/Interscope Records,84,-1,1,72351,92,0,1,0,0,1
Teresa & Maria,"alyona alyona, Jerry Heil",55,spotify:track:7n3Czk07KugPQOWuqCHDmF,ENKO,55,-1,1,92969,99,0,2,0,0,1
la noia,Angelina Mango,66,spotify:track:49R1F3rIdSzuPk7AcHi6d1,Latarma S.r.l.,66,-1,1,84012,104,0,1,0,0,1
I Can Do It With a Broken Heart,Taylor Swift,111,spotify:track:4q5YezDOIPcoLr8R81x9qy,Taylor Swift,52,84,4,57736,143,0,3,0,0,1
TEXAS HOLD 'EM,Beyoncé,141,spotify:track:7wLShogStyDeZvL0a6daN5,Parkwood Entertainment/Columbia,34,107,13,50819,145,0,11,0,0,1
Europapa,Joost,100,spotify:track:0uHrMbMv3c78398pIANDqR,Joost Klein,100,-1,1,60110,163,0,1,0,0,1
I Had Some Help (Feat. Morgan Wallen),"Post Malone, Morgan Wallen",153,spotify:track:7221xIgOnuakPdLqT0F3nP,Mercury Records/Republic Records,153,-1,1,48467,177,0,0,0,0,1
Unforgettable,Marcus & Martinus,118,spotify:track:5L8C1PZGCpZf8STcN79H5j,Universal Music AB,118,-1,1,56254,182,0,0,0,0,1
אז מה עכשיו,Marcus & Martinus,118,spotify:track:5L8C1PZGCpZf8STcN79H5j,Universal Music AB,118,-1,1,56254,191,0,0,0,0,0
"One Of The Girls (with JENNIE, Lily Rose Depp)","The Weeknd, JENNIE, Lily-Rose Depp",198,spotify:track:7CyPwkp0oE8Ro9Dd5CUDjW,XO / Republic Records,98,174,14,42810,193,0,0,0,0,1
Family Matters,Drake,107,spotify:track:1wFFFzJ5EsKbBWZriAcubN,OVO/Republic,59,59,2,58637,194,0,1,0,0,1
"What Was I Made For? [From The Motion Picture ""Barbie""]",Drake,107,spotify:track:1wFFFzJ5EsKbBWZriAcubN,OVO/Republic,59,59,2,58637,198,0,0,0,0,1
אצלנו בגן,Drake,107,spotify:track:1wFFFzJ5EsKbBWZriAcubN,OVO/Republic,59,59,2,58637,76,0,1,0,0,0
כאב של לוחמים,Drake,107,spotify:track:1wFFFzJ5EsKbBWZriAcubN,OVO/Republic,59,59,2,58637,84,0,1,0,0,0
שושנים עצובות (ישראל בידור),Drake,107,spotify:track:1wFFFzJ5EsKbBWZriAcubN,OVO/Republic,59,59,2,58637,95,0,1,0,0,0
meet the grahams,Kendrick Lamar,77,spotify:track:4S8PxReB1UiDR2F5x1lyIR,Kendrick Lamar under exclusive license to Interscope Records,77,-1,1,68243,115,0,1,0,0,1
אם מחר אני מת,Kendrick Lamar,77,spotify:track:4S8PxReB1UiDR2F5x1lyIR,Kendrick Lamar under exclusive license to Interscope Records,77,-1,1,68243,125,0,0,0,0,0
Fighter - Eurovision Version,Kendrick Lamar,77,spotify:track:4S8PxReB1UiDR2F5x1lyIR,Kendrick Lamar under exclusive license to Interscope Records,77,-1,1,68243,133,0,0,0,0,1
חתולים שחורים,Kendrick Lamar,77,spotify:track:4S8PxReB1UiDR2F5x1lyIR,Kendrick Lamar under exclusive license to Interscope Records,77,-1,1,68243,145,0,0,0,0,0
בין העיר לפרדס,Tuna,87,spotify:track:5rqeYyQ1EpbEJKkH4cgncs,NaNa Disc,18,66,6,64057,156,0,6,0,0,0
שלחי אותו,Tuna,87,spotify:track:5rqeYyQ1EpbEJKkH4cgncs,NaNa Disc,18,66,6,64057,160,0,0,0,0,0
If We Being Rëal,Yeat,117,spotify:track:0YThXX1dqUpYBLyJNAsF9N,Field Trip Recordings/Capitol Records,117,150,2,53048,162,0,0,0,0,1
שום דבר לא יפגע בי,Yeat,117,spotify:track:0YThXX1dqUpYBLyJNAsF9N,Field Trip Recordings/Capitol Records,117,150,2,53048,164,0,0,0,0,0
תחזור (Tachzor),Yeat,117,spotify:track:0YThXX1dqUpYBLyJNAsF9N,Field Trip Recordings/Capitol Records,117,150,2,53048,168,0,0,0,0,1
שבורי לב,Yeat,117,spotify:track:0YThXX1dqUpYBLyJNAsF9N,Field Trip Recordings/Capitol Records,117,150,2,53048,171,0,0,0,0,0
Tell Ur Girlfriend,Lay Bankz,99,spotify:track:3lMzT16MjAKKXF7pSZn13B,"Artist Partner Group, Inc.",91,91,3,58409,172,0,2,0,0,1
Unicorn,Lay Bankz,99,spotify:track:3lMzT16MjAKKXF7pSZn13B,"Artist Partner Group, Inc.",91,91,3,58409,178,0,0,0,0,1
סגול בהיר,Lay Bankz,99,spotify:track:3lMzT16MjAKKXF7pSZn13B,"Artist Partner Group, Inc.",91,91,3,58409,181,0,0,0,0,0
עד שתחזור,Lay Bankz,99,spotify:track:3lMzT16MjAKKXF7pSZn13B,"Artist Partner Group, Inc.",91,91,3,58409,182,0,0,0,0,0
Pedro,"Jaxomy, Agatino Romero, Raffaella Carrà",195,spotify:track:48lxT5qJF0yYyf2z4wB4xW,Columbia/B1 Recordings/Ultra Records,166,172,3,42039,192,0,0,0,0,1
הנסיך הקטן,"Jaxomy, Agatino Romero, Raffaella Carrà",195,spotify:track:48lxT5qJF0yYyf2z4wB4xW,Columbia/B1 Recordings/Ultra Records,166,172,3,42039,196,0,0,0,0,0
Push Ups,Drake,98,spotify:track:3eh51r6rFWAlGQRlHx9QnQ,OVO/Republic,95,95,2,56519,103,0,2,0,0,1
Lovin On Me,Jack Harlow,100,spotify:track:4xhsWYTOGcal8zt0J161CU,Generation Now/Atlantic,31,110,23,56133,159,0,17,0,0,1
Down Bad,Taylor Swift,93,spotify:track:2F3N9tdombb64aW6VtZOdo,Taylor Swift,54,54,2,59079,173,0,2,0,0,1
Strangers,Kenya Grace,164,spotify:track:593knnQN4REEshx8th9zgK,Major Recordings/Warner Records,7,171,35,46695,183,0,13,0,0,1
צונאמי,"Jasmin Moallem, Mergui",184,spotify:track:6W6ssWo1mqA9bLTo47Alsz,Helicon Music,12,175,48,43654,185,0,8,0,0,0
Babydoll,"Jasmin Moallem, Mergui",184,spotify:track:6W6ssWo1mqA9bLTo47Alsz,Helicon Music,12,175,48,43654,192,0,0,0,0,1
One Dance,"Jasmin Moallem, Mergui",184,spotify:track:6W6ssWo1mqA9bLTo47Alsz,Helicon Music,12,175,48,43654,198,0,0,0,0,1
"So Long, London",Taylor Swift,57,spotify:track:3Vevii7qKqrmW8CcyzBHDl,Taylor Swift,57,-1,1,95606,109,0,1,0,0,1
My Boy Only Breaks His Favorite Toys,Taylor Swift,55,spotify:track:2XXwLdtuAcE0HSCu61ijAb,Taylor Swift,55,-1,1,97255,119,0,1,0,0,1
Who’s Afraid of Little Old Me?,Taylor Swift,74,spotify:track:36t6frENUtCYKuZus6aYDO,Taylor Swift,74,-1,1,83427,127,0,1,0,0,1
קומה 58,Omer Adam,83,spotify:track:4C7cg72gU51s1IT4wh7Vp9,P.A.I LTD,39,84,34,78191,151,0,2,0,0,0
Florida!!! (feat. Florence + The Machine),"Taylor Swift, Florence + The Machine",79,spotify:track:3ZVFcD8Wlw9T9klGqmJf9F,Taylor Swift,79,-1,1,80861,160,0,1,0,0,1
בסוף הכל חולף,Omer Adam,128,spotify:track:5R5wL4rbWPKeUrFGyvc5Nu,P.A.I LTD,128,139,18,58434,173,0,0,0,0,0
The Tortured Poets Department,Taylor Swift,59,spotify:track:3NMrVbIVWT3fPXBj0rNDKG,Taylor Swift,59,-1,1,93988,175,0,1,0,0,1
Guilty as Sin?,Taylor Swift,97,spotify:track:0W0iAC1VGlB82PI6elxFYf,Taylor Swift,97,-1,1,68878,178,0,1,0,0,1
Hava Nagila Medley,Taylor Swift,97,spotify:track:0W0iAC1VGlB82PI6elxFYf,Taylor Swift,97,-1,1,68878,180,0,0,0,0,1
But Daddy I Love Him,Taylor Swift,77,spotify:track:5og4Qzt92jJzVDkOtSEilb,Taylor Swift,77,-1,1,81563,188,0,1,0,0,1
אוי ואבוי,"Static, Eden Hason",192,spotify:track:3SoYYbKd4cbxmlVaCZKVQM,Mobile1 Music,143,143,2,46738,200,0,0,0,0,0
אין ייאוש בלילות,Eyal Golan,177,spotify:track:3I9MNfeQxkKfxIualTvKoC,Liam Productions under exclusive license to D-Music,177,-1,1,49268,108,0,0,0,0,0
Fresh Out The Slammer,Eyal Golan,177,spotify:track:3I9MNfeQxkKfxIualTvKoC,Liam Productions under exclusive license to D-Music,177,-1,1,49268,111,0,0,0,0,1
loml,Eyal Golan,177,spotify:track:3I9MNfeQxkKfxIualTvKoC,Liam Productions under exclusive license to D-Music,177,-1,1,49268,118,0,0,0,0,1
The Smallest Man Who Ever Lived,Eyal Golan,177,spotify:track:3I9MNfeQxkKfxIualTvKoC,Liam Productions under exclusive license to D-Music,177,-1,1,49268,124,0,0,0,0,1
I Can Fix Him (No Really I Can),Eyal Golan,177,spotify:track:3I9MNfeQxkKfxIualTvKoC,Liam Productions under exclusive license to D-Music,177,-1,1,49268,133,0,0,0,0,1
The Alchemy,Eyal Golan,177,spotify:track:3I9MNfeQxkKfxIualTvKoC,Liam Productions under exclusive license to D-Music,177,-1,1,49268,140,0,0,0,0,1
רחובות ריקים,ששון איפרם שאולוב,140,spotify:track:3XkauVC70TlTgebHdWea3a,Mobile1 Music,59,130,8,54980,157,0,3,0,0,0
Clara Bow,ששון איפרם שאולוב,140,spotify:track:3XkauVC70TlTgebHdWea3a,Mobile1 Music,59,130,8,54980,165,0,0,0,0,1
מי עוד יחכה לך,Eyal Golan,89,spotify:track:58LV2ItbYQPSYSpJ0QQMV6,Liam Productions under exclusive license to D-Music,73,159,4,70172,176,0,2,0,0,0
אין לי אותך,Eyal Golan,118,spotify:track:3Rq8vC7CDbqs3VHJxsu6TW,Liam Productions under exclusive license to D-Music,118,-1,1,60060,181,0,0,0,0,0
חורף 23,"Odeya, E-Z",142,spotify:track:2pvlbipBAnMXwFkuRwLJpo,Helicon Aroma Music Ltd / E-Z Booking Plus,6,177,26,54652,193,0,13,0,0,0
פרובוקטיבית,"Odeya, E-Z",142,spotify:track:2pvlbipBAnMXwFkuRwLJpo,Helicon Aroma Music Ltd / E-Z Booking Plus,6,177,26,54652,195,0,0,0,0,0
פורחים לשובם,Ishay Ribo,157,spotify:track:0OzFG7wUIuRUDA1dcPzlK1,2024 Ishay Ribo | Or Davidson by PIL ltd,96,120,5,50177,164,0,1,0,0,0
בימים של עצב,Ishay Ribo,157,spotify:track:0OzFG7wUIuRUDA1dcPzlK1,2024 Ishay Ribo | Or Davidson by PIL ltd,96,120,5,50177,167,0,0,0,0,0
כנפיים - Live,"Tuna, Margalit Tzan'ani",169,spotify:track:7Jeh9SPQdyULPmdIqTNo3y,NaNa Disc,25,-1,46,48475,171,0,0,0,0,1
ממה את מפחדת,"Tuna, Margalit Tzan'ani",169,spotify:track:7Jeh9SPQdyULPmdIqTNo3y,NaNa Disc,25,-1,46,48475,172,0,0,0,0,0
אין אותנו יותר (By Tamar Yahalomy & Yonatan Kalimi),"Avi Aburomi, Mor",175,spotify:track:1zZ9bah4HU0TtICQzCFXp3,2023 Avi Aburomi By PIL LTD,2,189,63,47223,180,0,10,0,0,1
מביט אל השמיים,"Avi Aburomi, Mor",175,spotify:track:1zZ9bah4HU0TtICQzCFXp3,2023 Avi Aburomi By PIL LTD,2,189,63,47223,185,0,0,0,0,0
אף פעם לא לבד,Inbal Bibi,152,spotify:track:4ZGe1hugAeejCOd7TWGiz0,Universal Music Israel,34,-1,32,50569,192,0,0,0,0,0
2 דקות,Inbal Bibi,152,spotify:track:4ZGe1hugAeejCOd7TWGiz0,Universal Music Israel,34,-1,32,50569,194,0,0,0,0,0
להרים,Inbal Bibi,152,spotify:track:4ZGe1hugAeejCOd7TWGiz0,Universal Music Israel,34,-1,32,50569,195,0,0,0,0,0
Believer,Inbal Bibi,152,spotify:track:4ZGe1hugAeejCOd7TWGiz0,Universal Music Israel,34,-1,32,50569,196,0,0,0,0,1
Daylight,David Kushner,133,spotify:track:1odExI7RdWc4BT515LTAwj,Miserable Music Group,18,168,52,53676,199,0,7,0,0,1
מי את היום בלעדיי,Yonatan Kalimi,188,spotify:track:5gOFp28Edmv4nk8HIwnQfe,T.Y Studio & Productions under exclusive license to D-Music,6,178,59,46769,164,0,11,0,0,0
FRI(END)S,V,116,spotify:track:0PBTlQ84CBJF0tBnKGmQa6,BIGHIT MUSIC,116,-1,1,57538,170,0,0,0,0,1
No Role Modelz,V,116,spotify:track:0PBTlQ84CBJF0tBnKGmQa6,BIGHIT MUSIC,116,-1,1,57538,178,0,0,0,0,1
My Love Mine All Mine,Mitski,170,spotify:track:3vkCueOmm7xQDoJ17W1Pm3,Dead Oceans,57,141,26,48816,181,0,11,0,0,1
7 Minute Drill,Mitski,170,spotify:track:3vkCueOmm7xQDoJ17W1Pm3,Dead Oceans,57,141,26,48816,185,0,0,0,0,1
סחרחורת,Tuna,194,spotify:track:5CCxCzPB3HMh595Y1MNIm5,Anana Ltd.,32,-1,133,45679,191,0,0,0,0,0
redrum,21 Savage,152,spotify:track:52eIcoLUM25zbQupAZYoFh,"Slaughter Gang, LLC/Epic Records",39,125,12,51110,194,0,10,0,0,1
ONE CALL,Rich Amiri,175,spotify:track:69phA1R4gmQsBFRQ3INW8C,Internet Money Records / 10K Projects,115,154,8,48256,198,0,0,0,0,1
ואז את תראי,Rich Amiri,175,spotify:track:69phA1R4gmQsBFRQ3INW8C,Internet Money Records / 10K Projects,115,154,8,48256,199,0,0,0,0,0
עומס לב,Rich Amiri,175,spotify:track:69phA1R4gmQsBFRQ3INW8C,Internet Money Records / 10K Projects,115,154,8,48256,200,0,0,0,0,0
JOLENE,Rich Amiri,175,spotify:track:69phA1R4gmQsBFRQ3INW8C,Internet Money Records / 10K Projects,115,154,8,48256,106,0,0,0,0,1
II MOST WANTED,Rich Amiri,175,spotify:track:69phA1R4gmQsBFRQ3INW8C,Internet Money Records / 10K Projects,115,154,8,48256,107,0,0,0,0,1
Love Me Again,Rich Amiri,175,spotify:track:69phA1R4gmQsBFRQ3INW8C,Internet Money Records / 10K Projects,115,154,8,48256,125,0,0,0,0,1
Cinderella,"Future, Metro Boomin, Travis Scott",95,spotify:track:0hKtu53OlIFXVuYkZwcn3o,Wilburn Holding Co./Boominati/Epic/Republic,95,-1,1,61668,145,0,1,0,0,1
obsessed,Olivia Rodrigo,102,spotify:track:6tNgRQ0K2NYZ0Rb9l9DzL8,Olivia Rodrigo PS,102,-1,1,59047,156,0,0,0,0,1
Type Shit,"Future, Metro Boomin, Travis Scott, Playboi Carti",79,spotify:track:28drn6tQo95MRvO0jQEo5C,Wilburn Holding Co./Boominati/Epic/Republic,79,-1,1,68107,158,0,1,0,0,1
לשטוף את העצב,Omer Adam,108,spotify:track:4cHhUWXkEtSj7kdue9SO5u,P.A.I LTD,29,92,10,57731,163,0,7,0,0,0
ילדים כאלה,Eden Hason,175,spotify:track:5xrZpr1va5sIWMb5ndfgQP,Mobile1 Music,38,137,131,47085,180,0,0,0,0,0
Bones,Imagine Dragons,194,spotify:track:54ipXppHLA8U4yqpOFTUhr,Kid Ina Korner / Interscope,47,199,70,44655,185,0,0,0,0,1
Heartless,Kanye West,198,spotify:track:4EWCNWgDS8707fNSZ1oaA5,Roc-A-Fella,144,173,15,44139,200,0,0,0,0,1
Red and Yellow,Kanye West,198,spotify:track:4EWCNWgDS8707fNSZ1oaA5,Roc-A-Fella,144,173,15,44139,52,0,1,0,0,1
"yes, and?",Ariana Grande,65,spotify:track:5D34wRmbFS29AjtTOP2QJe,Republic Records,13,40,10,70918,122,0,10,0,0,1
We Don't Trust You,Ariana Grande,65,spotify:track:5D34wRmbFS29AjtTOP2QJe,Republic Records,13,40,10,70918,148,0,0,0,0,1
טיל פצמר,LIAD MEIR,163,spotify:track:0JoYMP7hvEwxKCjj9szUo6,2023 Duda by PIL ltd,8,162,33,48259,160,0,4,0,0,0
Praise Jah In The Moonlight,YG Marley,138,spotify:track:3h5TiWTqGxjSjFrbruPFH9,YG Marley Music,53,91,7,52447,174,0,5,0,0,1
Paint The Town Red,Doja Cat,164,spotify:track:56y1jOTK0XSvJzVv9vHQBK,Kemosabe Records/RCA Records,5,156,33,48041,192,0,5,0,0,1
מולדת,Hanan Ben Ari,118,spotify:track:1f6O2TPzZQhW1Ky2iGYb5X,Hanan Ben Ari under exclusive license to D-Music,18,94,22,56658,145,0,10,0,0,0
the boy is mine,Ariana Grande,100,spotify:track:0Lmbke3KNVFXtoH2mMSHCw,Republic Records,100,-1,1,61398,166,0,1,0,0,1
כל הזמן אומרת,Ariana Grande,100,spotify:track:0Lmbke3KNVFXtoH2mMSHCw,Republic Records,100,-1,1,61398,175,0,0,0,0,0
ברגעים שאת הולכת,Ariana Grande,100,spotify:track:0Lmbke3KNVFXtoH2mMSHCw,Republic Records,100,-1,1,61398,180,0,0,0,0,0
Starboy,Ariana Grande,100,spotify:track:0Lmbke3KNVFXtoH2mMSHCw,Republic Records,100,-1,1,61398,194,0,0,0,0,1
aftermath,Ariana Grande,100,spotify:track:0Lmbke3KNVFXtoH2mMSHCw,Republic Records,100,-1,1,61398,80,0,1,0,0,1
bye,Ariana Grande,100,spotify:track:0Lmbke3KNVFXtoH2mMSHCw,Republic Records,100,-1,1,61398,86,0,1,0,0,1
אהבה רק של לילה,הגר יפת,97,spotify:track:0wEqTKnu9Hy3ejZZOgLbZb,Mobile1 Music,97,127,3,60469,139,0,1,0,0,0
eternal sunshine,הגר יפת,97,spotify:track:0wEqTKnu9Hy3ejZZOgLbZb,Mobile1 Music,97,127,3,60469,142,0,0,0,0,1
true story,הגר יפת,97,spotify:track:0wEqTKnu9Hy3ejZZOgLbZb,Mobile1 Music,97,127,3,60469,149,0,0,0,0,1
don't wanna break up again,הגר יפת,97,spotify:track:0wEqTKnu9Hy3ejZZOgLbZb,Mobile1 Music,97,127,3,60469,163,0,0,0,0,1
supernatural,הגר יפת,97,spotify:track:0wEqTKnu9Hy3ejZZOgLbZb,Mobile1 Music,97,127,3,60469,166,0,0,0,0,1
זה עלינו,הגר יפת,97,spotify:track:0wEqTKnu9Hy3ejZZOgLbZb,Mobile1 Music,97,127,3,60469,169,0,0,0,0,0
exes,Tate McRae,157,spotify:track:4E63weMCaNZuGPEFMnuEi8,RCA Records Label,157,-1,1,47925,171,0,0,0,0,1
Popular (with Playboi Carti & Madonna),"The Weeknd, Playboi Carti, Madonna",126,spotify:track:7GUhiAHLoVy1V8ucQuZ3CB,Universal Republic Records,54,103,23,53966,173,0,5,0,0,1
intro (end of the world),"The Weeknd, Playboi Carti, Madonna",126,spotify:track:7GUhiAHLoVy1V8ucQuZ3CB,Universal Republic Records,54,103,23,53966,176,0,0,0,0,1
לבד במדבר,Jasmin Moallem,152,spotify:track:2LjK33xiNA8BA4U1ndj2bO,Helicon Music,57,170,39,49133,197,0,1,0,0,0
יום כיפור,Jasmin Moallem,111,spotify:track:6uc5gCVI30JNif2o4Ahmud,Helicon Music,41,83,3,55600,128,0,2,0,0,0
Dance The Night - From Barbie The Album,Dua Lipa,165,spotify:track:1vYXt7VSjH9JIM5oRRo7vA,Atlantic Records,19,173,28,48111,162,0,0,0,0,1
חוץ מכדורגל,Hanan Ben Ari,159,spotify:track:5Cf7f7XD97PYEUWEEb7mcQ,Hanan Ben Ari under exclusive license to D-Music,63,174,37,48662,170,0,2,0,0,0
BURN,"¥$, Kanye West, Ty Dolla $ign",154,spotify:track:04CyMEHliadfQWMUJb1w99,YZY,120,152,3,49716,171,0,0,0,0,1
Training Season,Dua Lipa,171,spotify:track:6Qb7YsAqH4wWFUMbGsCpap,Warner Records,157,157,2,47588,174,0,0,0,0,1
שני ילדים בעולם,Nathan Goshen,176,spotify:track:3qWDOGP2SBMLQ3nzMIkNbz,Nathan Goshen under exclusive license to D-Music,14,171,137,46717,179,0,0,0,0,0
אם את הולכת - אקוסטי,Avraham Tal,187,spotify:track:5u29wxDwJzybIkhFfZRtnI,Mobile1 Music,118,118,7,45587,181,0,0,0,0,0
אור גדול,Avraham Tal,187,spotify:track:5u29wxDwJzybIkhFfZRtnI,Mobile1 Music,118,118,7,45587,193,0,0,0,0,0
I KNOW ?,Travis Scott,155,spotify:track:6wsqVwoiVH2kde4k4KKAFU,Cactus Jack/Epic,62,151,14,49611,198,0,0,0,0,1
שיר ללא שם,Eviatar Banai,134,spotify:track:2L2vg2n4bU1CVLlpKbQhef,NaNa Disc,40,117,9,51305,161,0,6,0,0,0
כמו כל יום,Idan Rafael Haviv,158,spotify:track:7hyle4lmxpFkhKOv2NxTiL,NMC United Entertainment Ltd.,66,196,50,49294,184,0,0,0,0,0
אם תרצי,Idan Rafael Haviv,158,spotify:track:7hyle4lmxpFkhKOv2NxTiL,NMC United Entertainment Ltd.,66,196,50,49294,185,0,0,0,0,0
נהר הדמעות,"Shlomo Artzi, Peer Tasi",182,spotify:track:0LqFPyHVwoYxJnZsa3Ji8x,Peer Tasi / Hed Arzi LTD.,50,131,5,46254,189,0,3,0,0,0
רסיסים,Raviv Kaner,195,spotify:track:71h6sV5KytTmPARarI28wI,Helicon Aroma Music Ltd.,1,-1,169,44600,192,0,0,0,0,0
פוליטיקה,Odeya,170,spotify:track:4f8ym2kd2ptaLBVF2f8sAC,Helicon Aroma Music Ltd.,60,91,3,47838,199,0,2,0,0,0
לא ידעתי שתלכי ממני,"הכוכב הבא, אור כהן",68,spotify:track:0op6IBN7AhDJEsYl4KpBcH,Keshet Broadcasting Ltd. under exclusive license to D-Music,68,105,3,71054,84,0,2,0,0,0
Cry,"הכוכב הבא, אור כהן",68,spotify:track:0op6IBN7AhDJEsYl4KpBcH,Keshet Broadcasting Ltd. under exclusive license to D-Music,68,105,3,71054,135,0,0,0,0,1
הימים עוברים,Avraham Tal,198,spotify:track:7AHM45gNY0LiFUSnfzjUus,Mobile1 Music,137,197,20,46161,183,0,0,0,0,0
בחורים טובים - Acoustic Live,Omer Adam,140,spotify:track:6W2tGdihSWtBIjooCZl35U,P.A.I LTD,61,61,2,51911,194,0,1,0,0,1
Wild World,Omer Adam,140,spotify:track:6W2tGdihSWtBIjooCZl35U,P.A.I LTD,61,61,2,51911,198,0,0,0,0,1
The Real Slim Shady,Omer Adam,140,spotify:track:6W2tGdihSWtBIjooCZl35U,P.A.I LTD,61,61,2,51911,199,0,0,0,0,1
יש לך אותך,"Miri Mesika, Mika Moshe",155,spotify:track:3VpqFdoAiNJZW8tqjWPl2E,Helicon Music,83,83,3,50583,200,0,1,0,0,0
BACK TO ME,"Miri Mesika, Mika Moshe",155,spotify:track:3VpqFdoAiNJZW8tqjWPl2E,Helicon Music,83,83,3,50583,101,0,0,0,0,1
FUK SUMN,"Miri Mesika, Mika Moshe",155,spotify:track:3VpqFdoAiNJZW8tqjWPl2E,Helicon Music,83,83,3,50583,103,0,0,0,0,1
TALKING,"Miri Mesika, Mika Moshe",155,spotify:track:3VpqFdoAiNJZW8tqjWPl2E,Helicon Music,83,83,3,50583,142,0,0,0,0,1
כמה מתוק,Jasmin Moallem,148,spotify:track:05ryQJip5j6ExMhvB6o6f4,Helicon Music,113,147,22,50336,173,0,0,0,0,0
דם שלי,Eden Ben Zaken,181,spotify:track:2kGlyGO41yJcLwBz3Czejq,Sarit Productions LTD / Helicon Aroma Music Ltd. under exclusive license to D-Music,181,-1,1,46617,186,0,0,0,0,0
Popular (with Playboi Carti & Madonna) - From The Idol Vol. 1 (Music from the HBO Original Series),"The Weeknd, Playboi Carti, Madonna",54,spotify:track:6WzRpISELf3YglGAh7TXcG,XO / Republic Records,54,80,18,73412,74,0,4,0,0,1
מחילה,Jasmin Moallem,160,spotify:track:1XuxoHDc7mFeyhaDcgjYST,Helicon Music,30,182,86,47725,143,0,0,0,0,0
אלייך,Idan Amedi,112,spotify:track:1uJ95oDCyVPMLE7q34RDm9,A.M Music Productions LTD,112,-1,3,55393,152,0,0,0,0,0
Metoh Mahshavot | מתוך מחשבות,ששון איפרם שאולוב,162,spotify:track:5OZHkLnre3kb4y4wuplo49,ללא,125,164,7,47387,180,0,0,0,0,1
ביחד איתי,ששון איפרם שאולוב,164,spotify:track:3AoZ1W11B3gm8vhFSpHDjh,Ariel Shaulov,84,138,15,47156,194,0,2,0,0,0
מאושר יותר,ששון איפרם שאולוב,164,spotify:track:3AoZ1W11B3gm8vhFSpHDjh,Ariel Shaulov,84,138,15,47156,104,0,0,0,0,0
תסתכלי לי בעיניים,ששון איפרם שאולוב,164,spotify:track:3AoZ1W11B3gm8vhFSpHDjh,Ariel Shaulov,84,138,15,47156,152,0,0,0,0,0
Murder On The Dancefloor,Sophie Ellis-Bextor,159,spotify:track:4tKGFmENO69tZR9ahgZu48,Polydor Records,159,-1,1,49469,173,0,0,0,0,1
דמיון חופשי,Eviatar Banai,156,spotify:track:53vzjmA9qNy7aztCbYUSEG,NaNa Disc,42,117,5,49783,195,0,2,0,0,0
Sprinter,"Dave, Central Cee",188,spotify:track:2FDTHlrBguDzQkp7PVj16Q,Neighbourhood / Live Yours,10,172,34,46818,197,0,1,0,0,1
סיבת הסיבות,Ishay Ribo,198,spotify:track:6sADtPKtORAMZP3GQhOsHv,2021 Ishay Ribo BY PIL LTD,8,-1,147,45178,199,0,0,0,0,0
Surround Sound (feat. 21 Savage & Baby Tate),"JID, 21 Savage, Baby Tate",176,spotify:track:1udwFobQ1JoOdWPQrp2b6u,Dreamville/Interscope,176,-1,4,47196,177,0,0,0,0,1
אין יותר מועדונים,"JID, 21 Savage, Baby Tate",176,spotify:track:1udwFobQ1JoOdWPQrp2b6u,Dreamville/Interscope,176,-1,4,47196,187,0,0,0,0,0
IDGAF (feat. Yeat),"Drake, Yeat",184,spotify:track:2YSzYUF3jWqb9YP9VXmpjE,OVO/Republic,15,176,15,46088,194,0,0,0,0,1
אור הירח,"Jasmin Moallem, Tuna",196,spotify:track:1B6qAMPiD7sv3WNI90ELMz,NaNa Disc,16,159,124,44844,195,0,0,0,0,0
née-nah,"Jasmin Moallem, Tuna",196,spotify:track:1B6qAMPiD7sv3WNI90ELMz,NaNa Disc,16,159,124,44844,69,0,1,0,0,1
n.h.i.e.,"Jasmin Moallem, Tuna",196,spotify:track:1B6qAMPiD7sv3WNI90ELMz,NaNa Disc,16,159,124,44844,141,0,0,0,0,1
Si No Estás,iñigo quintero,163,spotify:track:2HafqoJbgXdtjwCOvNEF14,Acqustic,5,150,14,48880,186,0,0,0,0,1
תרקוד לנצח,"Omer Adam, Infected Mushroom",165,spotify:track:3mITeXQ9Dt7M6nTutuNtsx,P.A.I LTD / Mushroom Touring inc,13,138,11,48494,187,0,0,0,0,0
all of me,"Omer Adam, Infected Mushroom",165,spotify:track:3mITeXQ9Dt7M6nTutuNtsx,P.A.I LTD / Mushroom Touring inc,13,138,11,48494,200,0,0,0,0,1
רק אני יודע,Stephane Legar,102,spotify:track:0NdV41q6lBoO4WyCaZmIJU,Stephane Gagba / Gaga Management / Helicon Aroma Music LTD. under exclusive license to D-Music,21,110,26,57950,121,0,0,0,0,0
אל תפחד,Eviatar Banai,68,spotify:track:7Jczj2J8z1CnhrYCIc5Apm,NaNa Disc,43,43,2,68166,155,0,1,0,0,0
מדינה כואבת,ששון איפרם שאולוב,182,spotify:track:0wdMMMH79A2sD6S6sdDGzt,Mobile1 Music,172,193,3,48080,170,0,0,0,0,0
מה אעשה,Eviatar Banai,61,spotify:track:4GLfvVXJvSxsNdHa1sjB0D,NaNa Disc,49,49,2,72057,172,0,1,0,0,0
השיר של נעם 2,"Maor Ashkenazi, נעם כהן",144,spotify:track:14T9MsaDVojqqEyGAZ0Sfb,2023 MaorAshkenaziMusic by PIL ltd,56,122,8,51631,179,0,0,0,0,0
לא ביקשתי מלחמה,Kobi Maman,195,spotify:track:2qromlkHDFXxm07yhpB63s,Mobile1 Music,29,-1,43,45980,184,0,0,0,0,0
אהובה שלי,Eden Hason,143,spotify:track:77hre9TJEQOFgciNAAlEMQ,Mobile1 Music,93,140,3,51705,189,0,0,0,0,0
לא חוקי,Eden Hason,143,spotify:track:77hre9TJEQOFgciNAAlEMQ,Mobile1 Music,93,140,3,51705,194,0,0,0,0,0
שווארמה,Eden Hason,143,spotify:track:77hre9TJEQOFgciNAAlEMQ,Mobile1 Music,93,140,3,51705,198,0,0,0,0,0
Godzilla (feat. Juice WRLD),"Eminem, Juice WRLD",165,spotify:track:7FIWs0pqAYbP91WWM0vlTQ,Shady/Aftermath/Interscope Records,2,138,69,49631,199,0,0,0,0,1
יש בך,"Eminem, Juice WRLD",165,spotify:track:7FIWs0pqAYbP91WWM0vlTQ,Shady/Aftermath/Interscope Records,2,138,69,49631,158,0,0,0,0,0
שיר,"Eminem, Juice WRLD",165,spotify:track:7FIWs0pqAYbP91WWM0vlTQ,Shady/Aftermath/Interscope Records,2,138,69,49631,167,0,0,0,0,0
אצלך בעולם - אקוסטי,"Eminem, Juice WRLD",165,spotify:track:7FIWs0pqAYbP91WWM0vlTQ,Shady/Aftermath/Interscope Records,2,138,69,49631,174,0,0,0,0,0
לילה כיום יאיר,"Eminem, Juice WRLD",165,spotify:track:7FIWs0pqAYbP91WWM0vlTQ,Shady/Aftermath/Interscope Records,2,138,69,49631,181,0,0,0,0,0
פלואו של טמבל 2,"Eminem, Juice WRLD",165,spotify:track:7FIWs0pqAYbP91WWM0vlTQ,Shady/Aftermath/Interscope Records,2,138,69,49631,194,0,0,0,0,0
גם זה יעבור,"Eminem, Juice WRLD",165,spotify:track:7FIWs0pqAYbP91WWM0vlTQ,Shady/Aftermath/Interscope Records,2,138,69,49631,199,0,0,0,0,0
