Song Name,song Artist,Rank_class,URI,Source,Peak Rank_class,Previous Rank_class,Weeks on Chart_class,Streams_class,next rank_class,Top 10 Count_class,Top 100 Count_class,times popular_class,now popular,language
חולמת,Odeya,3,spotify:track:3N48942rc1DKId7vmDDcy0,Helicon Aroma Music Ltd.,3,2,1,3,3,1,1,1,1,0
בחיבק,תמר ריילי,3,spotify:track:0OIq7kRsGg7UkLKtO7Srqd,Designer's Acid under exclusive license to D-Music,3,3,1,3,3,2,1,2,1,0
פרפרים,Odeya,3,spotify:track:2OhunYlfKcvrwQBStJD5u8,Helicon Aroma Music Ltd.,3,2,1,3,3,1,1,1,0,0
מאחל לך טוב,Osher Cohen,3,spotify:track:2RNGK9C5zMQhKMTiPL5Q0T,Helicon Aroma Music Ltd. / P.A.I Ltd.,3,3,1,3,3,2,1,2,1,0
סיפורי צדיקים,"Odeya, Ben Zur",3,spotify:track:5wXHoXp3DCnzuqZOE6rY0a,Helicon Aroma / A List Music LTD under exclusive license to D-Music,3,2,1,3,3,1,1,1,1,0
אהובתי כבר לא רואה אותי,Omer Adam,3,spotify:track:2QkVXq7dLpefWAiETsvIOs,P.A.I LTD,3,3,1,3,3,3,1,3,1,0
תהום,Omer Adam,3,spotify:track:3pTsE064ZTJ1n8bP3VAm2c,P.A.I LTD,3,3,1,3,3,3,1,3,1,0
ה' יברך אותך,Osher Cohen,3,spotify:track:1946N277M0tygagJZxCP1f,Helicon Aroma Music Ltd. / P.A.I Ltd.,3,3,1,3,3,2,1,1,1,0
את לא יודעת כמה שאני אוהב אותך,Odeya,3,spotify:track:0sMyBmtyp4riKYNpDVNSH4,Helicon Aroma Music Ltd.,3,3,1,3,3,3,1,3,1,0
Die With A Smile,"Lady Gaga, Bruno Mars",3,spotify:track:7so0lgd0zP2Sbgs2d7a1SZ,Interscope Records,3,3,1,3,3,3,2,3,1,1
טאטע תטהר - גרסה אקוסטית,"יאיר אלייצור, Ben Zur",3,spotify:track:5bFrsEk5efTVlOTwtLBLn2,A List Music LTD under exclusive license to D-Music,3,3,1,3,3,1,1,2,1,0
תמיד אוהב אותי,ששון איפרם שאולוב,3,spotify:track:3CZdlwKHGTvfveatbfKD3q,Mobile1 Music,3,2,1,3,3,3,2,3,1,0
החדר מסתובב,ששון איפרם שאולוב,3,spotify:track:3CZdlwKHGTvfveatbfKD3q,Mobile1 Music,3,2,1,3,3,1,1,1,1,0
התקדמתי ממך,"Itay Levi, ששון איפרם שאולוב",3,spotify:track:6svDE1ySQelKOFfW7kCn2B,Mobile1 Music,3,2,1,3,3,1,1,1,1,0
New Day Will Rise,Yuval Raphael,3,spotify:track:1H5GUNNCrurtyoOKbS2tT8,KAN Israeli Public Broadcasting Corporation / Keshet Broadcasting LTD. under exclusive license to D-Music,3,2,1,3,3,1,1,1,0,1
APT.,"ROSÉ, Bruno Mars",3,spotify:track:4wJ5Qq0jBN4ajy7ouZIV1c,Atlantic Records,3,2,1,3,3,3,2,3,0,1
פסיכופט,עידו מלכה,3,spotify:track:0EMfLhcfPFWdVQBCE1YXB0,Mobile1 Music,3,2,1,3,3,1,1,1,0,0
טקילה,Omer Adam,3,spotify:track:5ppuL7dOIhd7td0YCJJuwf,P.A.I LTD,3,2,1,3,3,3,1,3,0,0
עברנו הכל,Omer Adam,3,spotify:track:4L5Uj4Dt6rjFL0H7hl2qHF,P.A.I LTD,3,2,1,3,3,3,2,3,0,0
גיטרה ולנשום,Osher Cohen,3,spotify:track:0FEmTSrI0M8nImeYOrCaPi,Helicon Aroma Music Ltd. / P.A.I Ltd.,3,2,1,3,3,1,1,1,0,0
לילות וקללות,Omer Adam,3,spotify:track:4dELL8S6XVMibwBkjJACF1,P.A.I LTD,3,2,1,3,3,3,3,3,0,0
נרקומן של בדידות,Omer Adam,3,spotify:track:37ZPaitKESRLXRkjrvJVTb,P.A.I LTD,3,2,1,3,3,3,1,3,0,0
Anxiety,Doechii,3,spotify:track:3LPLRNr58Z9Pn0clnEtkXb,Top Dawg Entertainment/Capitol Records,2,2,1,3,3,1,1,1,0,1
רק שלך,Omer Adam,3,spotify:track:4zXfQYhcSboWEOAwIQST9N,P.A.I LTD,3,2,1,3,3,3,3,3,0,0
אין אותי,"Osher Cohen, Noa Kirel",3,spotify:track:34KzX8fwFPLchmOvYBDap0,Helicon Aroma Music Ltd. / P.A.I Ltd.,3,2,1,3,3,3,3,3,0,0
מגדלים,"STILLA, Ness",3,spotify:track:5nYFRLTLrqiETyy6LUPfhQ,2024 Va’ad Ha Bait records & Maman Productions by PIL ltd,3,2,1,3,3,3,3,3,0,0
תן לי את האששש,Jasmin Moallem,3,spotify:track:2v8ZRDPqR7s7KDt1QQ57hx,Helicon Music,3,2,1,3,3,1,1,1,0,0
פלסטרים,Osher Cohen,3,spotify:track:6qB33ch9RK0aoMfxfnlXa1,Helicon Aroma Music Ltd. / P.A.I Ltd.,3,2,1,3,3,3,3,3,0,0
לא לפנות אליי,Nasrin Kadri,3,spotify:track:42jtELiUhOQ9hiWjPyV0ih,Helicon Aroma Music Ltd.,3,2,1,3,3,1,1,1,0,0
תסביכים קשים,שירז אברהם,3,spotify:track:1hLd6flq2cPLvH2Xraimbu,Mobile1 Music,3,2,1,2,3,1,2,1,0,0
רוז,Peer Tasi,3,spotify:track:0Wr6wZgEP1npYg0vrsWPIZ,Peer Tasi LTD under exclusive license to D-Music,3,2,1,3,3,3,3,3,0,0
רשימת קניות,Peer Tasi,3,spotify:track:0Wr6wZgEP1npYg0vrsWPIZ,Peer Tasi LTD under exclusive license to D-Music,3,2,1,3,3,1,1,1,0,0
באמפרים,"STILLA, Ness",3,spotify:track:3FihyZ7YA7vrNiSUfWww10,2024 Va’ad Ha Bait records & Maman Productions by PIL ltd,3,2,1,2,3,3,3,3,0,0
עובד בכפר,Odeya,3,spotify:track:7dCPciHW5xuxB7G4i8G5AX,Helicon Aroma Music Ltd.,3,2,1,3,3,2,2,3,0,0
בן אדם,Odeya,3,spotify:track:5bmDwWuujqU0Of3fdwMzFJ,Helicon Aroma Music Ltd.,3,2,1,2,3,3,2,3,0,0
אבא,Ben Zur,3,spotify:track:3DTHsQnfuQVESYAYv0fybQ,A List Music LTD under exclusive list to D-Music,2,2,1,2,3,1,2,1,0,0
BIRDS OF A FEATHER,Billie Eilish,3,spotify:track:6dOtVTDdiauQNBQEDOtlAB,Darkroom/Interscope Records,3,2,1,2,3,1,3,1,0,1
לופ,Osher Cohen,3,spotify:track:1ChZJDdEU5tR4ZrLeuDh5u,Helicon Aroma Music Ltd. / P.A.I Ltd.,3,2,1,3,3,3,2,3,0,0
סופרמן,Idan Amedi,3,spotify:track:5dA83d8LVoTXIX035X2LqW,Helicon Aroma Music Ltd. / Snype Production Ltd.,3,2,1,3,3,1,1,2,0,0
שאנל אזולאי,Odeya,3,spotify:track:1I2O2LqFIUSndJW0NSUdfq,Helicon Aroma Music Ltd.,2,2,1,2,3,1,1,1,0,0
מה יהיה מחר,Peer Tasi,3,spotify:track:4DKH1iLhp007TVLURYtmeC,Peer Tasi LTD under exclusive license to D-Music,3,2,1,3,3,3,3,3,0,0
That’s So True,Gracie Abrams,3,spotify:track:7ne4VBA60CxGM75vw0EYad,"Gracie Abrams, under exclusive license to Interscope Records",2,2,1,2,3,1,2,1,0,1
Beautiful Things,Benson Boone,3,spotify:track:3xkHsmpQCBMytMJNiDf3Ii,"Night Street Records, Inc./Warner Records Inc.",3,2,1,2,3,3,3,3,0,1
אני חוזר,מ',3,spotify:track:0D9A15ZzO3VzLIYqOfm6QB,Ilay Eliyahu Mataraso under exclusive license to D-Music,3,2,1,2,3,1,3,2,0,0
בואי נדבר,ששון איפרם שאולוב,3,spotify:track:354YT2zYO1GpAmf10xXiZf,Mobile1 Music,3,2,1,2,3,3,3,3,0,0
גן עדן של משוגעים,ששון איפרם שאולוב,3,spotify:track:3pvBB4oPXTaHV403msHYF0,Mobile1 Music,3,2,1,2,3,3,3,3,0,0
דאמ,Jasmin Moallem,3,spotify:track:7AlqKFiOM5X7nJdtbwvsi6,Helicon Music,3,2,1,1,3,3,2,3,0,0
Messy,Lola Young,3,spotify:track:35ISBknsCeZQtq66xABI9g,Universal-Island Records Ltd.,2,2,1,2,3,1,1,1,0,1
Lose Control,Teddy Swims,3,spotify:track:17phhZDn6oGtzMe56NuWvj,Warner Records,3,2,1,1,3,1,3,1,0,1
Not Like Us,Kendrick Lamar,3,spotify:track:6AI3ezQ4o3HUoP6Dhudph3,"Kendrick Lamar, under exclusive license to Interscope Records",3,2,1,2,3,1,1,1,0,1
אוצר שלי,Osher Cohen,3,spotify:track:07Ee2kh7vMtMwZ39G4LbKX,Helicon Aroma Music Ltd. / P.A.I Ltd.,2,2,1,2,3,1,1,1,0,0
Show Me Love,"WizTheMc, bees & honey",3,spotify:track:5ITV0zqzjOYfFWpW0xBmRa,Bamboo Artists,1,3,1,1,3,1,1,1,0,1
WILDFLOWER,Billie Eilish,3,spotify:track:3QaPy1KgI7nu9FJEQUgn6h,Darkroom/Interscope Records,2,2,1,1,3,1,2,1,0,1
מרכז תל אביב,Itay Levi,3,spotify:track:0tewqHTtZMfb7sPsqTyRVc,Mobile1 Music,2,2,1,1,3,1,1,1,0,0
יחפים,Jasmin Moallem,3,spotify:track:1lHlKCdVZ4CGbbkTuG6LfT,Helicon Music,3,2,3,1,3,1,3,1,0,0
גברת אגו,Omer Adam,3,spotify:track:0auLq7aePfiNwd1YZNlC4S,P.A.I LTD,3,2,1,1,3,1,1,1,0,0
שתי טיפות,Omer Adam,3,spotify:track:2LdUmQdymO99riYOVCrUPK,P.A.I LTD,2,2,1,2,3,1,1,1,0,0
DtMF,Bad Bunny,3,spotify:track:3sK8wGT43QFpWrvNQsrQya,Rimas Entertainment LLC.,2,2,1,1,3,1,1,1,0,1
luther (with sza),"Kendrick Lamar, SZA",3,spotify:track:2CGNAOSuO1MEFCbBRgUzjd,"pgLang, under exclusive license to Interscope Records",2,2,1,1,3,1,1,1,0,1
זזה עם הגוף,"LifeSwisa, RONNY",3,spotify:track:12ddpfSEpTUe2iixjUvLl6,7803903 Records DK2,2,2,1,2,3,1,1,1,0,0
צ'יק צ'ק,Static,3,spotify:track:78FrkrO3KgizjXDObyFvzW,Mobile1 Music,3,2,1,1,3,3,2,3,0,0
נתראה בגלגול הבא,Ravid Plotnik,3,spotify:track:1saT4tObMScARIwT4wTv0W,NaNa Disc,2,2,3,1,3,1,3,1,0,0
Espresso,Sabrina Carpenter,3,spotify:track:2HRqTpkrJO5ggZyyK6NPWz,Island Records,3,2,1,1,3,1,3,2,0,1
Abracadabra,Lady Gaga,3,spotify:track:2LHNTC9QZxsL3nWpt8iaSR,Interscope Records,2,2,1,1,3,1,1,1,0,1
EVIL J0RDAN,Playboi Carti,3,spotify:track:6iycYUk3oB0NPMdaDUrN1w,AWGE/Interscope Records,2,3,1,2,3,1,1,1,0,1
שווארמה ודמעה,Omer Adam,3,spotify:track:51XDPGyuq8EgHSXwKCn8CQ,P.A.I LTD,2,2,1,1,3,1,1,1,0,0
All The Stars (with SZA),"Kendrick Lamar, SZA",3,spotify:track:3GCdLUSnKSMJhs4Tj6CV3s,Black Panther (TDE/DMG) PS,3,2,1,1,3,1,1,1,0,1
אם אתה שלי,Odeya,3,spotify:track:2foTZaysNY65xcTXlQKxg4,Helicon Aroma Music Ltd.,3,2,1,1,3,1,3,2,0,0
למה את?,ילד.,3,spotify:track:6JnLTSjPA96Dgg9VCDRf1r,Universal Music Israel Distributed Labels,3,2,1,1,3,3,3,3,0,0
מערב ראשון,Itay Levi,3,spotify:track:0h8eZd7eqwZISaz9bkj1zV,Mobile1 Music,3,2,1,1,3,3,3,3,0,0
מנגן ושר,Osher Cohen,3,spotify:track:2yPnlfwQ1AmhHauqQWDlWZ,Helicon Aroma Music Ltd./ P.A.I Ltd.,3,2,1,1,3,3,3,3,0,0
היי בייב,Tuna,3,spotify:track:1D8HR389yohrWVZ1yHI2bc,NaNa Disc,3,2,3,1,3,1,3,1,0,0
צוחקת ובוכה,Eden Hason,3,spotify:track:2fewVF6oOGKux69rHGbPMq,Mobile1 Music,3,2,1,1,3,3,3,3,0,0
חולה ירח,Itay Levi,3,spotify:track:2eauhZzDelRWx1f3PmdaxU,Mobile1 Music,3,2,1,1,3,1,1,1,0,0
Timeless (feat Playboi Carti),"The Weeknd, Playboi Carti",3,spotify:track:0FIDCNYYjNvPVimz5icugS,XO / Republic Records,2,2,1,1,3,1,2,1,0,1
מלודי,Peer Tasi,3,spotify:track:0hdDyhwaJpNW5nsJC3qYPe,Peer Tasi LTD under exclusive license to D-Music,3,2,1,1,3,3,3,3,0,0
ראיתי עולם,"Omer Adam, ShrekDiMC",3,spotify:track:17Gbwxyhsj0dznw9DSruNC,P.A.I LTD,3,2,1,1,3,3,3,3,0,0
‏שלווה בארמונותייך,Ravid Plotnik,3,spotify:track:0PfvEnfj3hHl7zlc0WcfGY,NaNa Disc,2,2,2,1,3,1,3,1,0,0
שקיעות אדומות,Eden Hason,3,spotify:track:68kVzJf0STAv91tuLutuDr,Mobile1 Music,3,2,3,1,3,1,3,1,0,0
בני ברק או ערק,מ',3,spotify:track:2Nn5rAJpUi1AhPIubW6HU7,Ilay Eliyahu Mataraso under exclusive license to D-Music,2,2,1,1,3,1,2,1,0,0
מגנט,ששון איפרם שאולוב,3,spotify:track:4BnqGasQmJZsFDsrTymuth,Mobile1 Music,1,2,1,1,3,1,1,1,0,0
נחלת בנימין,Itay Levi,2,spotify:track:2H84mdRphvQn5QniG3v07a,Mobile1 Music,0,3,1,1,3,1,1,1,0,0
שבוע טוב,Avraham Tal,3,spotify:track:4Ow0gCGxYfOcyiCuZOt9mp,Digistage,2,1,3,1,3,1,1,1,0,0
סתלבט בקיבוץ,"Full Trunk, Jimbo J",3,spotify:track:2G1o9Mq8KpamOwJPZLuJc7,NaNa Disc,3,2,2,1,3,1,3,1,0,0
Sailor Song,Gigi Perez,3,spotify:track:2262bWmqomIaJXwCRHr13j,Gigi Perez PS/ Island,2,2,1,1,3,1,2,1,0,1
צמוד צמוד,"Omer Adam, Odeya, ShrekDiMC",3,spotify:track:1Jx6aZyJR985kw8CWUZ15O,P.A.I LTD / Helicon Aroma Music LTD,3,2,1,1,3,3,3,3,0,0
tv off (feat. lefty gunplay),"Kendrick Lamar, Lefty Gunplay",3,spotify:track:0aB0v4027ukVziUGwVGYpG,"pgLang, under exclusive license to Interscope Records",2,2,1,1,3,1,1,1,0,1
סהרה - Live,"Tuna, Jasmin Moallem",3,spotify:track:7BcRDWY4VTCvRRHoobFWWo,NaNa Disc,3,2,2,1,3,1,1,1,0,1
אחת ממיליון,רון חיון,0,spotify:track:7kFo0ivGlvuzIWmODfmrjF,2025 Duda by PIL ltd,0,3,1,1,3,1,1,1,0,0
רוקנרול,Omer Adam,3,spotify:track:2tFX3wqEPyya8k2bS8pHqW,P.A.I LTD,2,2,1,1,3,1,1,1,0,0
הטוב הרע ועודיה,"Odeya, E-Z, LIAD MEIR",3,spotify:track:4N9Rl0PvEgfpRluDotwDL9,Helicon Aroma Music Ltd.,3,2,1,1,3,1,2,1,0,0
Yellow,Coldplay,2,spotify:track:3AJwUDP919kvQ9QcozQPxg,Parlophone UK,1,2,2,1,3,1,2,1,0,1
Viva La Vida,Coldplay,3,spotify:track:1mea3bSkSGXuIRvnydlB5b,Parlophone UK,2,2,2,1,3,1,2,1,0,1
משהו אמיתי בעיניים,ששון איפרם שאולוב,3,spotify:track:74kYHwU43s49Y5AukKArWQ,ללא,3,2,1,1,3,3,3,3,0,0
יפה כלבנה,Eviatar Banai,2,spotify:track:0f9vK5r3z8jgTX2PK4ZxPF,Hed Arzi Ltd.,0,1,2,1,3,1,1,1,0,0
הנך יפה,Ben Zur,2,spotify:track:0ksRRdaUbYkXgvDOwWCHLp,A List Music LTD under exclusive license to D-Music,1,2,1,1,3,1,1,1,0,0
יין ופסטה,Odeya,3,spotify:track:4XwsyrQZOC7YtrJad0Se0N,Helicon Aroma Music Ltd.,1,2,1,1,3,1,1,1,0,0
לשוב הביתה,Ishay Ribo,2,spotify:track:52n4gF126eIllrGuc9Zus6,2018 ISHAY RIBO LTD BY PIL LTD,3,1,3,1,3,1,2,1,0,0
טק טק,Ishay Ribo,2,spotify:track:52n4gF126eIllrGuc9Zus6,2018 ISHAY RIBO LTD BY PIL LTD,3,1,3,1,3,1,1,1,0,0
אהבה,Osher Cohen,3,spotify:track:34aKXUhVdHGTzWOt85RjGq,Helicon Aroma Music Ltd./ P.A.I Ltd.,3,2,1,1,3,3,3,3,0,0
אחרי כל השנים,Omer Adam,2,spotify:track:5aDaDlIrhFeXUPcBqxGisR,P.A.I LTD,2,2,2,1,3,1,3,1,0,0
משקה יקר,Peer Tasi,3,spotify:track:1A9o64PUc3sAJO6LceFK1K,Mobile1 Music,1,1,1,1,3,1,1,1,0,0
שתישרף האהבה,Itay Levi,3,spotify:track:3TtZlTHR3gT0WYzFTEoPsV,Mobile1 Music,2,2,1,1,3,1,1,1,0,0
Sports car,Tate McRae,2,spotify:track:5UJbgR4XF4y1DvbkxEqe8S,RCA Records Label,0,2,1,1,3,1,1,1,0,1
רוקד עם הכאב,Peer Tasi,3,spotify:track:4ra4WsUIRDxIQ6p0l5t276,Mobile1 Music,1,2,1,1,3,1,1,1,0,0
קפה וסיגריה,"Ravid Plotnik, ניר דנן",3,spotify:track:0WS3pHso7moPHG8W2pbqPB,NaNa Disc,1,1,2,1,3,1,1,1,0,0
Ordinary,Alex Warren,0,spotify:track:6qqrTXSdwiJaq8SO0X2lSe,Atlantic Records,0,3,1,1,3,1,1,1,0,1
Locked out of Heaven,Bruno Mars,2,spotify:track:5g7sDjBhZ4I3gcFIpkrLuI,Atlantic Records,3,1,1,1,3,1,1,1,0,1
תוכו רצוף אהבה,Ishay Ribo,1,spotify:track:1QP8gp1xtid9iE9L7SzB8e,2014 Yshy Rivo By PIL LTD,2,3,2,1,3,1,1,1,0,0
Sweater Weather,The Neighbourhood,2,spotify:track:0cQVqPuHQP4KEwc7ZUQmj6,Columbia,2,1,3,1,3,1,3,1,0,1
רחוק מכולם,Omer Adam,2,spotify:track:1hTth4TFnHWYWiXglQ6bN2,P.A.I Ltd.,3,2,3,1,3,1,3,1,0,0
Move,"Adam Port, Stryv, Keinemusik, Orso, Malachiii",3,spotify:track:1BJJbSX6muJVF2AK7uH1x4,Keinemusik,3,1,1,1,3,1,3,1,0,1
אייכה,Shuli Rand,1,spotify:track:0h9lqpfcS37U6zvDCKwQhX,NaNa Disc,1,1,1,1,3,1,1,1,0,0
Iris,The Goo Goo Dolls,2,spotify:track:6Qyc6fS4DsZjB2mRW9DsQs,Warner Records,1,2,1,1,3,1,1,1,0,1
עד מחר,Eviatar Banai,2,spotify:track:1ttOlVyZvmnozD2muIxulw,Hed Arzi Ltd.,2,1,3,1,3,1,1,1,0,0
דרך השלום,Peer Tasi,2,spotify:track:2rNoqRmOQfxAgJQQ0W70JH,Mobile1 Music,0,1,1,1,3,1,1,1,0,0
חלק מהזמן,Idan Amedi,2,spotify:track:3hay408PSjTAxPn5TPxzyh,A.M Music Productions LTD,2,2,3,1,3,1,1,1,0,0
בוקר טוב חיים שלי,Ravid Plotnik,2,spotify:track:4WbQaxKI0R0SmWNZvgUDNz,NaNa Disc,3,1,1,1,3,1,1,1,0,0
I Wanna Be Yours,Arctic Monkeys,2,spotify:track:5XeFesFbtLpXzIVDNQP22n,Domino Recording Co,2,1,2,1,3,1,3,1,0,1
Happiness,Arctic Monkeys,2,spotify:track:5XeFesFbtLpXzIVDNQP22n,Domino Recording Co,2,1,2,1,3,1,1,1,0,1
רוקד לי על העצב,Mor,0,spotify:track:5R2KoD3IlLRvCPHVhwdaEe,Mobile1 Music,0,0,1,1,3,1,1,1,0,0
חסר/ה לי ברמות,"בנאל בן ציון, שירז אברהם",0,spotify:track:6qi83Ret9Yok9PfZWzmdZk,Mobile1 Music,3,1,1,1,3,1,1,1,0,0
ככה וככה,Osher Cohen,3,spotify:track:3QCWA9RzAPb4Xw4BagADFq,Helicon Aroma Music Ltd./ P.A.I Ltd.,3,1,1,1,3,1,3,1,0,0
נר לכל לילה,Eyal Golan,0,spotify:track:1lMyhrAecYTqx4IIBTF9KD,Liam Productions under exclusive license to D-Music,0,0,1,1,3,1,1,1,0,0
DENIAL IS A RIVER,Doechii,3,spotify:track:1eTaznNW4Xxtx9za2SMTXB,Top Dawg Entertainment/Capitol Records,1,2,1,1,3,1,1,1,0,1
Another Love,Tom Odell,2,spotify:track:7jtQIBanIiJOMS6RyCx6jZ,ITNO/Columbia,2,1,3,1,3,1,3,1,0,1
אם הייתי צריכה,Odeya,2,spotify:track:2h0SQB1VZGRwL5LmEbrurC,Helicon Aroma Music Ltd.,3,2,1,1,3,1,1,1,0,0
עד המדבר,"דיג'יי אונלי, Talisman, Omri Sabach",2,spotify:track:7jdvibTKMCbIP2B77ayD8Q,Mobile1 Music,2,0,2,1,2,1,1,1,0,0
שמש שזורחת עליי,Ravid Plotnik,1,spotify:track:5xzBjwCJLdIKtIXQZ06RXj,NaNa Disc,2,0,1,1,2,1,1,1,0,0
Every Breath You Take,The Police,2,spotify:track:1JSTJqkT5qHq8MDJnJbRE1,Polydor Records,1,1,1,1,2,1,1,1,0,1
ככה זה (לאהוב אותך),Berry Sakharof,0,spotify:track:2eq2T5nu5NBvHYKzDatmt3,NaNa Disc,0,0,1,1,2,1,1,1,0,0
תתארו לכם,Shlomo Artzi,2,spotify:track:2gK92y6pVz6ygq8Fc7N2xL,Hed Arzi Ltd.,2,1,3,1,2,1,1,1,0,0
Too Sweet,Hozier,2,spotify:track:19XpFsce28aByvCC4g89tJ,Rubyworks / Universal-Island Records Ltd,2,1,1,1,2,1,3,1,0,1
Can't Hold Us (feat. Ray Dalton),"Macklemore, Ryan Lewis, Macklemore & Ryan Lewis, Ray Dalton",2,spotify:track:22skzmqfdWrjJylampe0kt,Macklemore,0,1,1,1,2,1,1,1,0,1
I Adore You (feat. Daecolm),"HUGEL, Topic, Arash, Daecolm",2,spotify:track:5nPbKG04fhLkIAjcPFaZq7,Virgin,0,0,1,1,2,1,1,1,0,1
כל הזמן הזה,Ravid Plotnik,2,spotify:track:60GvepzSwgGx8kaZNln4L0,NaNa Disc,2,1,3,1,2,1,3,1,0,0
The Night We Met,Lord Huron,2,spotify:track:3hRV0jL3vUpRrcy398teAU,Play It Again Sam,1,1,1,1,2,1,3,1,0,1
מוזיקה טובה,Ravid Plotnik,2,spotify:track:06RR5ewHedBUC9GRgWLwkK,NaNa Disc,2,1,2,1,2,1,2,1,0,0
תקרא לי מאמי,Mor,2,spotify:track:1136mOn1aHIa1evNDoYRfo,Mobile1 Music,1,1,1,1,2,1,1,1,0,0
אין לי מקום אחר,Itay Levi,2,spotify:track:2CUwpTA4gOSouCTyRN1vnE,Mobile1 Music,3,1,1,1,2,1,1,1,0,0
A Sky Full of Stars,Coldplay,2,spotify:track:0FDzzruyVECATHXKHFs9eJ,Parlophone UK,1,1,1,1,2,1,1,1,0,1
מלא מלא,Coldplay,2,spotify:track:0FDzzruyVECATHXKHFs9eJ,Parlophone UK,1,1,1,1,2,1,1,1,0,0
את חסרה לי,Eden Hason,2,spotify:track:3RBpmZJ0YG9abVBXI2U1UO,Mobile1 Music,3,1,3,1,2,1,3,1,0,0
505,Arctic Monkeys,2,spotify:track:58ge6dfP91o9oXMzq3XkIS,Domino Recording Co,1,1,2,1,2,1,1,1,0,0
Bad Dreams,Teddy Swims,0,spotify:track:3BntzKsnLf2pc0dsvE3Zav,Warner Records,0,0,1,1,2,1,1,1,0,1
אוהבת אותי אמיתי,Omer Adam,2,spotify:track:4cZd8TSEowGRcDsmCvJEjU,P.A.I Ltd.,3,2,2,1,2,1,1,1,0,0
כוכבים,Shilo Ben Saadon,2,spotify:track:4EN9nGt9TWutt0iDTRnXjY,Or Mermelstein under exclusive license to D-Music,2,2,1,1,2,1,3,1,0,0
עושה לי צרות,Eden Hason,1,spotify:track:4I9NVCnjIRVriXfNE7VhE0,Mobile1 Music,3,1,2,1,2,1,3,1,0,0
וואלק,Full Trunk,0,spotify:track:3MU69FMOB5ddPCMSo1f0g7,NaNa Disc,1,3,1,1,2,1,1,1,0,0
RATHER LIE (with The Weeknd),"Playboi Carti, The Weeknd",3,spotify:track:68qeaZhtMZ6abrJCYt6nQn,AWGE/Interscope Records,1,3,1,1,2,1,1,1,0,1
יש בך הכל,Akiva,1,spotify:track:0tIQwXFOyQjd6K7w7PIBrn,2022 Akiva+Or D. BY PIL LTD,1,0,2,1,2,1,1,1,0,0
שתיתי,Akiva,1,spotify:track:0tIQwXFOyQjd6K7w7PIBrn,2022 Akiva+Or D. BY PIL LTD,1,0,2,1,2,1,1,1,0,0
Unstoppable,Sia,1,spotify:track:2J2Z1SkXYghSajLibnQHOa,Monkey Puzzle Records/RCA Records,1,0,2,1,2,1,1,1,0,1
Just the Way You Are,Bruno Mars,2,spotify:track:7BqBn9nzAq8spo5e7cZ0dJ,Elektra (NEK),2,1,1,1,2,1,1,1,0,1
מחרוזת חסידית - מנורה לייב,ששון איפרם שאולוב,2,spotify:track:4TQmgOWfxnPyD4AIbFuBUb,Mobile1 Music,0,3,1,1,2,1,1,1,0,0
See You Again (feat. Kali Uchis),"Tyler, The Creator, Kali Uchis",1,spotify:track:7KA4W4McWYRpgf0fWsJZWB,Columbia,1,1,1,1,2,1,1,1,0,1
אל תעזבי ידיים,"Tyler, The Creator, Kali Uchis",1,spotify:track:7KA4W4McWYRpgf0fWsJZWB,Columbia,1,1,1,1,2,1,1,1,0,0
מה היית משנה בי,Odeya,2,spotify:track:2X0xtXo2To1ZMWVn5OmFZP,Helicon Aroma Music Ltd.,1,2,1,1,2,1,1,1,0,0
דובדבן,Odeya,2,spotify:track:2X0xtXo2To1ZMWVn5OmFZP,Helicon Aroma Music Ltd.,1,2,1,1,2,1,1,1,0,0
הולכת איתך,Odeya,2,spotify:track:2X0xtXo2To1ZMWVn5OmFZP,Helicon Aroma Music Ltd.,1,2,1,1,2,1,1,1,0,0
Flowers,Miley Cyrus,1,spotify:track:7DSAEUvxU8FajXtRloy8M0,Columbia,3,0,2,1,2,1,1,1,0,1
"אני אוהב, אני מכור, אני שרוף",Miley Cyrus,1,spotify:track:7DSAEUvxU8FajXtRloy8M0,Columbia,3,0,2,1,2,1,1,1,0,0
Something Just Like This,"The Chainsmokers, Coldplay",1,spotify:track:6RUKPb4LETWmmr3iAEQktW,Disruptor Records/Columbia,0,0,1,1,2,1,1,1,0,1
לא הכל מן אללה,"The Chainsmokers, Coldplay",1,spotify:track:6RUKPb4LETWmmr3iAEQktW,Disruptor Records/Columbia,0,0,1,1,2,1,1,1,0,0
אלוף העולם,Hanan Ben Ari,1,spotify:track:3Y4G4E7EVomTWTFSFS0Sn5,Hanan Ben Ari / Mor Dahan under exclusive license to D-Music,3,1,3,1,2,1,1,1,0,0
באתי אלייך,Eyal Golan,1,spotify:track:0QQZ2e7ejeeo2NbTAHAYAb,NMC United Entertainment Ltd.,0,1,1,1,2,1,1,1,0,0
ואיך שלא,Omer Adam,2,spotify:track:0SMDtYt5HghaTMFc61nCnP,P.A.I LTD,3,1,1,1,1,3,3,3,0,0
Dark Thoughts,Omer Adam,2,spotify:track:0SMDtYt5HghaTMFc61nCnP,P.A.I LTD,3,1,1,1,1,1,1,1,0,1
נועצת מבט,Omer Adam,1,spotify:track:24i0QJz5U8OoXWyIPLXWzF,P.A.I LTD,0,1,1,1,1,1,1,1,0,0
Counting Stars,OneRepublic,1,spotify:track:2tpWsVSb9UEmDRxAl1zhX1,Mosley / Interscope,1,0,3,1,1,1,1,1,0,1
אחרי הנצח,Peer Tasi,1,spotify:track:1Ttz2PpMy1uF6qQJ2TpEoh,Peer Tasi LTD under exclusive license to D-Music,1,1,1,1,1,1,1,1,0,0
בסיבוב,"Tuna, Tzlil Danin",1,spotify:track:5RnhWaP5VD3eJN3J0chPmh,Anana Ltd.,2,0,3,1,1,1,1,1,0,0
Riptide,Vance Joy,1,spotify:track:2uXlHCUbq9OMUwx3hrk06o,Atlantic Records,2,0,3,1,1,1,1,1,0,1
לא להמציא,Vance Joy,1,spotify:track:2uXlHCUbq9OMUwx3hrk06o,Atlantic Records,2,0,3,1,1,1,1,1,0,0
עוד אוהבת אותך,Agam Buhbut,2,spotify:track:15leAeXFh1WX1QOxp1LnOS,2024 Gaga Management by PIL ltd,2,1,1,1,1,1,1,1,0,0
Sultans Of Swing,Dire Straits,1,spotify:track:37Tmv4NnfQeb0ZgUC4fOJj,EMI,0,0,1,1,1,1,1,1,0,1
איך אפשר,Jane Bordeaux,0,spotify:track:7o6UDPFWtYrjUZnRvi1dvO,Helicon Music,1,1,3,1,1,1,1,1,0,0
גיבורי על,Hatikva 6,1,spotify:track:6Xg2Ir8Go9giAzRxW4Jaze,Hatikva 6 under exclusive license to D-Music,2,0,1,1,1,1,3,1,0,0
The Scientist,Coldplay,0,spotify:track:75JFxkI2RXiU7L9VXzMkle,Parlophone Records Limited,0,0,1,1,1,1,1,1,0,1
Shape of You,Ed Sheeran,1,spotify:track:7qiZfU4dY1lWllzX7mPBI3,Atlantic Records UK,2,3,1,1,1,1,1,1,0,1
ילדה של אמונה,Odeya,0,spotify:track:2tj4JhaPPpmPp8RNbieT52,Helicon Aroma Music Ltd.,1,2,1,1,1,1,1,1,0,0
Taste,Sabrina Carpenter,0,spotify:track:5G2f63n7IPVPPjfNIGih7Q,Island Records,2,0,1,1,1,1,1,1,0,1
We Are The People,Empire Of The Sun,0,spotify:track:0rhoLQVFCojDGFyl0nsdVZ,EMI Recorded Music Australia Pty Ltd,0,3,1,1,1,1,1,1,0,1
קירות,Itay Levi,1,spotify:track:0ZFQYK9u8C1nGLXXb4y17W,Mobile1 Music,3,0,2,1,1,1,1,1,0,0
Love On The Brain,Rihanna,0,spotify:track:5oO3drDxtziYU2H1X23ZIp,Roc Nation / Rihanna,0,0,1,1,1,1,1,1,0,1
האמת,"Odeya, רואי אדם",2,spotify:track:4ASfFTCr9NGAQKEjMx5BgE,Helicon Aroma Music Ltd.,3,2,1,1,0,1,1,1,0,0
תן לי זמן,"Odeya, רואי אדם",2,spotify:track:4ASfFTCr9NGAQKEjMx5BgE,Helicon Aroma Music Ltd.,3,2,1,1,0,1,1,1,0,0
שיר של יום חולין,"Odeya, רואי אדם",2,spotify:track:4ASfFTCr9NGAQKEjMx5BgE,Helicon Aroma Music Ltd.,3,2,1,1,0,1,1,1,0,0
מה שלא הספקתי לומר,"Elai Botner, Ran Danker, Sivan Talmor",0,spotify:track:1sWQxzPFWCtOBvqww2YFex,NMC United Entertainment Ltd.,1,0,1,1,0,1,1,1,0,0
Uptown Funk (feat. Bruno Mars),"Mark Ronson, Bruno Mars",0,spotify:track:32OlwWuMpZ6b0aN2RZOeMS,Columbia,2,3,1,1,0,1,1,1,0,1
Africa,TOTO,1,spotify:track:2374M0fQpWi3dLnB54qaLX,Columbia,1,0,1,1,0,1,1,1,0,1
שמש,Hanan Ben Ari,0,spotify:track:5e4PVtYVBu9BpJVhmQhIvS,Hanan Ben Ari / Mor Dahan under exclusive license to D-Music,2,1,3,1,0,1,1,1,0,0
הדם שלי,"ששון איפרם שאולוב, Odeya",0,spotify:track:1uNBN0rbqE6dHGA29rnMtx,Mobile1 Music,3,0,1,1,0,1,1,1,0,0
קרן שמש,Benaia Barabi,0,spotify:track:3zhFqDzJZfnc8L5QkGWWG6,B.B Productions Ltd. under exclusive license to D-Music,3,0,2,1,0,1,1,1,0,0
Perfect,Ed Sheeran,0,spotify:track:0tgVpDi06FyKpA1z0VMD4v,Atlantic Records UK,2,3,1,1,0,1,1,1,0,1
לדפוק ת'ראש,"Idan Amedi, רותם סלע, דני קושמרו, אורי גבריאל, אסי ישראלוף",1,spotify:track:3dkItSs4LurpACEg70HDIB,Helicon Aroma Music Ltd. / Snype Production Ltd.,2,2,1,1,0,1,1,1,0,0
אני בוכה,"Idan Amedi, רותם סלע, דני קושמרו, אורי גבריאל, אסי ישראלוף",1,spotify:track:3dkItSs4LurpACEg70HDIB,Helicon Aroma Music Ltd. / Snype Production Ltd.,2,2,1,1,0,1,1,1,0,0
Unwritten,Natasha Bedingfield,0,spotify:track:3U5JVgI2x4rDyHGObzJfNf,Sony Music CG,2,0,1,1,0,1,1,1,0,1
ביחד,Natasha Bedingfield,0,spotify:track:3U5JVgI2x4rDyHGObzJfNf,Sony Music CG,2,0,1,1,0,1,1,1,0,0
שלמים,Natasha Bedingfield,0,spotify:track:3U5JVgI2x4rDyHGObzJfNf,Sony Music CG,2,0,1,1,0,1,1,1,0,0
משנכנס אדר 2023,"ישראל סוסנה ותזמורתו, DJ יהודה מור",2,spotify:track:2tdu3ZAQuS6TF1SCaokpGG,2023 Playlink By PIL LTD,1,3,1,1,3,1,1,1,0,0
CRUSH (with Travis Scott),"ישראל סוסנה ותזמורתו, DJ יהודה מור",2,spotify:track:2tdu3ZAQuS6TF1SCaokpGG,2023 Playlink By PIL LTD,1,3,1,1,3,1,1,1,0,1
GOOD CREDIT (with Kendrick Lamar),"ישראל סוסנה ותזמורתו, DJ יהודה מור",2,spotify:track:2tdu3ZAQuS6TF1SCaokpGG,2023 Playlink By PIL LTD,1,3,1,1,3,1,1,1,0,1
MOJO JOJO,"ישראל סוסנה ותזמורתו, DJ יהודה מור",2,spotify:track:2tdu3ZAQuS6TF1SCaokpGG,2023 Playlink By PIL LTD,1,3,1,1,2,1,1,1,0,1
PHILLY (with Travis Scott),"ישראל סוסנה ותזמורתו, DJ יהודה מור",2,spotify:track:2tdu3ZAQuS6TF1SCaokpGG,2023 Playlink By PIL LTD,1,3,1,1,2,1,1,1,0,1
עדלאידע,"שוקי סלומון, Arik Dvir",1,spotify:track:0pCh1MtPvEBDXx8y6Hbpio,Helicon Music,0,3,1,1,2,1,1,1,0,0
אופוריה,"שוקי סלומון, Arik Dvir",1,spotify:track:0pCh1MtPvEBDXx8y6Hbpio,Helicon Music,0,3,1,1,2,1,1,1,0,0
פינו נואר,Omer Adam,2,spotify:track:0S0lWP18AryHmMcQaHOngD,P.A.I LTD,2,2,1,1,2,1,1,1,0,0
פתאום אהבה,Itay Levi,0,spotify:track:1HH4IitAuYbMnZ4PYb2O5I,Mobile1 Music,2,3,1,1,1,1,1,1,0,0
שני משוגעים,Itay Levi,0,spotify:track:1HH4IitAuYbMnZ4PYb2O5I,Mobile1 Music,2,3,1,1,1,1,1,1,0,0
BACKD00R (feat. Kendrick Lamar & Jhené Aiko),Itay Levi,0,spotify:track:1HH4IitAuYbMnZ4PYb2O5I,Mobile1 Music,2,3,1,1,1,1,1,1,0,1
HUMBLE.,Kendrick Lamar,1,spotify:track:7KXjTSCq5nL1LoYtL7XAwS,Aftermath,2,0,1,1,1,1,1,1,0,1
TOXIC (with Skepta),Kendrick Lamar,1,spotify:track:7KXjTSCq5nL1LoYtL7XAwS,Aftermath,2,0,1,1,0,1,1,1,0,1
לילה עיר,Maor Cohen,0,spotify:track:0cnXDZGevuZ5kj2nbVzPyu,NaNa Disc,1,0,2,1,0,1,1,1,0,0
מה את מרגישה,Idan Amedi,2,spotify:track:3HBMPTdsZQNO24vbrgcJKZ,Helicon Aroma Music Ltd. / Snype Production Ltd.,2,2,1,1,0,1,1,1,0,0
עטלף עיוור,Hanan Ben Ari,1,spotify:track:6oTChqDVAXNxJrg57siTxB,Hanan Ben Ari under exclusive license to D-Music,3,0,1,1,0,1,1,1,0,0
I'm Good (Blue),Hanan Ben Ari,1,spotify:track:6oTChqDVAXNxJrg57siTxB,Hanan Ben Ari under exclusive license to D-Music,3,0,1,1,0,1,1,1,0,1
סיגפו,Beit Habubot,0,spotify:track:6NMXueYXvUAKmDYISUehwy,Helicon Music,0,0,2,1,0,1,1,1,0,0
ANXIETY (feat. Doechii),"Sleepy Hallow, Doechii",2,spotify:track:3FjK86616FbluOfTxNK2gY,Winners Circle/RCA Records,0,3,1,1,3,1,1,1,0,1
ליצן קטן נחמד,"Sleepy Hallow, Doechii",2,spotify:track:3FjK86616FbluOfTxNK2gY,Winners Circle/RCA Records,0,3,1,1,2,1,1,1,0,0
לתת לחיים לרקוד,Idan Amedi,3,spotify:track:0pwe6ne12KNaNYXyxquuPl,Helicon Aroma Music Ltd. / Snype Production Ltd.,1,2,1,1,2,1,1,1,0,0
ירושלים,מ',2,spotify:track:7xSRAkFFuCp5gAy0sks1PH,Ilay Eliyahu Mataraso under exclusive license to D-Music,1,2,1,1,2,1,1,1,0,0
Revolving door,Tate McRae,1,spotify:track:541sN2qNfIlllGn9nGOQoC,RCA Records Label,0,1,1,1,2,1,1,1,0,1
משנכנס אדר,Tate McRae,1,spotify:track:541sN2qNfIlllGn9nGOQoC,RCA Records Label,0,1,1,1,2,1,1,1,0,0
לאן,Vibe Ish,2,spotify:track:3CA8eNZ0qIeWovaCt226ui,Mobile1 Music,0,1,1,1,2,1,1,1,0,0
אני פה,"Osher Cohen, Odeya",1,spotify:track:60BOR51eeN8A3wYIrElggH,Helicon Aroma Music Ltd./ P.A.I Production Adam Investment Ltd.,3,3,2,1,2,1,1,1,0,0
מחרוזת פורים,"Osher Cohen, Odeya",1,spotify:track:60BOR51eeN8A3wYIrElggH,Helicon Aroma Music Ltd./ P.A.I Production Adam Investment Ltd.,3,3,2,1,1,1,1,1,0,0
חג פורים,"Osher Cohen, Odeya",1,spotify:track:60BOR51eeN8A3wYIrElggH,Helicon Aroma Music Ltd./ P.A.I Production Adam Investment Ltd.,3,3,2,1,1,1,1,1,0,0
היא לא את,"Osher Cohen, Odeya",1,spotify:track:60BOR51eeN8A3wYIrElggH,Helicon Aroma Music Ltd./ P.A.I Production Adam Investment Ltd.,3,3,2,1,1,1,1,1,0,0
Easy On Me,Adele,0,spotify:track:46IZ0fSY2mpAiktS3KOqds,Columbia,3,0,1,1,1,1,1,1,0,1
אני פורים,Adele,0,spotify:track:46IZ0fSY2mpAiktS3KOqds,Columbia,3,0,1,1,1,1,1,1,0,0
חורף בחלון,Peer Tasi,0,spotify:track:4b5dVRUzTCy0ngxobUX2DG,Peer Tasi LTD under exclusive license to D-Music,2,3,1,1,0,1,1,1,0,0
יהיה טוב & מים שקופים,"Omer Adam, Jasmin Moallem",1,spotify:track:44GSjYhBxuuKx0ikN5Dmag,P.A.I LTD / Jasmin Moallem,3,1,1,1,0,2,2,1,0,0
מבת ים ועד הנצח,Omer Adam,0,spotify:track:7fcFn0EdQleBdarD7yLp95,P.A.I LTD,3,1,1,1,0,1,1,1,0,0
זורק תעניבה,Omer Adam,1,spotify:track:0jPy1Rm9G4UjNHLg9WXNDj,P.A.I LTD,0,1,1,1,0,1,1,1,0,0
לבחור נכון,Amir Dadon,0,spotify:track:7n6emXIcaECmkljP1rPlvQ,Helicon Music,2,0,3,1,2,1,1,1,0,0
נגמר,Amir Dadon,0,spotify:track:7n6emXIcaECmkljP1rPlvQ,Helicon Music,2,0,3,1,2,1,1,1,0,0
אהבה חולה,Amir Dadon,0,spotify:track:7n6emXIcaECmkljP1rPlvQ,Helicon Music,2,0,3,1,2,1,1,1,0,0
אוהבת לא אוהבת,Omer Adam,1,spotify:track:10pnfojlZf9nHvKngPHB7k,P.A.I LTD,2,0,1,1,2,1,1,1,0,0
בזמן האחרון,Idan Amedi,0,spotify:track:5mT0kHqW0vMAjLS9dCGkeM,A.M Music Productions LTD,0,3,1,1,2,1,1,1,0,0
אקדח,Omer Adam,1,spotify:track:1O0VUtEP7oVZKAXOMl0QLY,P.A.I LTD,2,3,1,1,2,1,1,1,0,0
הריני,"Ravid Plotnik, Eviatar Banai",0,spotify:track:7JoXEwDsbey37yMghVbIub,NaNa Disc,1,0,1,1,1,1,1,1,0,0
חתולים,"Jimbo J, Ravid Plotnik",1,spotify:track:6aYvWy72gVdkip3Yco9osi,Universal Music Israel Distributed Labels,2,0,1,1,1,1,1,1,0,0
Take Me To Church,Hozier,0,spotify:track:3dYD57lRAUcMHufyqn9GcI,Universal-Island Records Ltd.,2,3,3,1,1,1,1,1,0,1
מחכה,Hozier,0,spotify:track:3dYD57lRAUcMHufyqn9GcI,Universal-Island Records Ltd.,2,3,3,1,1,1,1,1,0,0
אמן על הילדים,Hanan Ben Ari,0,spotify:track:1iqFD52dqVgLGJq74we3RW,Hanan Ben Ari / Mor Dahan under exclusive license to D-Music,2,3,3,1,1,1,1,1,0,0
בדיוק כמו שאני,Ravid Plotnik,1,spotify:track:5CkagnykIgnpOEorVEHgCF,NaNa Disc,1,0,1,1,1,1,1,1,0,0
מים שקופים,Ravid Plotnik,1,spotify:track:5CkagnykIgnpOEorVEHgCF,NaNa Disc,1,0,1,1,0,1,1,1,0,0
פלוס אחד,Mergui,0,spotify:track:5KRYlY2elcHmdodMFboaC7,Mobile1 Music,0,1,1,1,0,1,1,1,0,0
Do I Wanna Know?,Arctic Monkeys,0,spotify:track:5FVd6KXrgO9B3JPmC8OPst,Domino Recording Co,0,0,3,1,0,1,1,1,0,1
מאמי זה נגמר,Omer Adam,2,spotify:track:42O0lr6qe2jiacLV9QD9m6,P.A.I LTD,0,3,1,1,0,1,1,1,0,0
38,Omer Adam,2,spotify:track:42O0lr6qe2jiacLV9QD9m6,P.A.I LTD,0,3,1,1,0,1,1,1,0,0
כל הכוכבים,Tuna,2,spotify:track:6xtqda5h0wlcFn3WdI4pb6,NaNa Disc,2,0,2,1,2,1,3,1,0,0
לבד על המיטה,Tuna,2,spotify:track:6xtqda5h0wlcFn3WdI4pb6,NaNa Disc,2,0,2,1,2,1,1,1,0,0
squabble up,Kendrick Lamar,3,spotify:track:0nj9Bq5sHDiTxSHunhgkFb,"pgLang, under exclusive license to Interscope Records",2,2,1,1,2,1,1,1,0,1
Like Him (feat. Lola Young),"Tyler, The Creator, Lola Young",2,spotify:track:6jbYpRPTEFl1HFKHk1IC0m,Columbia,0,2,1,1,2,1,1,1,0,1
בחורים טובים,"Tyler, The Creator, Lola Young",2,spotify:track:6jbYpRPTEFl1HFKHk1IC0m,Columbia,0,2,1,1,2,1,1,1,0,0
קריוקי פסנתר בסלון,Odeya,0,spotify:track:2g443q6iQIqoTWiVIAp2jv,Helicon Aroma Music Ltd.,1,1,1,1,2,1,1,1,0,0
Money Trees,"Kendrick Lamar, Jay Rock",2,spotify:track:2HbKqm4o0w5wEeEFXm2sD4,Aftermath,0,1,1,1,1,1,1,1,0,1
פסקול חיי,"Kendrick Lamar, Jay Rock",2,spotify:track:2HbKqm4o0w5wEeEFXm2sD4,Aftermath,0,1,1,1,1,1,1,1,0,0
וואי,"Kendrick Lamar, Jay Rock",2,spotify:track:2HbKqm4o0w5wEeEFXm2sD4,Aftermath,0,1,1,1,1,1,1,1,0,0
CHIHIRO,Billie Eilish,1,spotify:track:7BRD7x5pt8Lqa1eGYC4dzj,Darkroom/Interscope Records,2,1,1,1,1,1,1,1,0,1
"I Love You, I'm Sorry",Gracie Abrams,1,spotify:track:51rfRCiUSvxXlCSCfIztBy,"Gracie Abrams, under exclusive license to Interscope Records",1,1,1,1,1,1,1,1,0,1
אמונה,Ben Zur,1,spotify:track:60qhM7vig0oDlKzv2k4b56,A List Music LTD under exclusive list to D-Music,0,1,1,1,1,1,1,1,0,0
היום קמתי שמח,Hanan Ben Ari,2,spotify:track:28hmfseWQTUSMuTNuXg4eI,Hanan Ben Ari under exclusive license to D-Music,1,2,1,1,1,1,1,1,0,0
איפה אתה,Hanan Ben Ari,2,spotify:track:28hmfseWQTUSMuTNuXg4eI,Hanan Ben Ari under exclusive license to D-Music,1,2,1,1,0,1,1,1,0,0
יהיה טוב,Jasmin Moallem,1,spotify:track:6nSQvSGrFykSmDIOetK94r,Helicon Music,3,0,1,1,0,2,3,2,0,0
עולם משוגע,Jasmin Moallem,1,spotify:track:6nSQvSGrFykSmDIOetK94r,Helicon Music,3,0,1,1,0,1,1,1,0,0
peekaboo (feat. azchike),"Kendrick Lamar, AZ Chike",2,spotify:track:2Uts1QFB4u2YNIMiqcb4de,"pgLang, under exclusive license to Interscope Records",1,3,1,1,0,1,1,1,0,1
סיפור ישן,"Kendrick Lamar, AZ Chike",2,spotify:track:2Uts1QFB4u2YNIMiqcb4de,"pgLang, under exclusive license to Interscope Records",1,3,1,1,0,1,1,1,0,0
Please Please Please,Sabrina Carpenter,1,spotify:track:2tHwzyyOLoWSFqYNjeVMzj,Island Records,2,0,1,1,2,1,2,1,0,1
לאבא שלי יש סולם,"ותן חלקנו, Amir Benayoun, ששון איפרם שאולוב",2,spotify:track:4wynpm7WtwueimncaeNp6I,2024 Veten Helkenou Project by PIL ltd,2,2,1,1,2,1,1,1,0,0
חיפשתי אותו בנרות,Eden Ben Zaken,0,spotify:track:6YQpTZk61Ku0hyutsVLpPe,Sarit Productions LTD / Helicon Aroma Music Ltd. under exclusive license to D-Music,2,1,1,1,2,1,3,1,0,0
Busy Woman,Eden Ben Zaken,0,spotify:track:6YQpTZk61Ku0hyutsVLpPe,Sarit Productions LTD / Helicon Aroma Music Ltd. under exclusive license to D-Music,2,1,1,1,2,1,1,1,0,1
הפעם זה זה,Eden Hason,0,spotify:track:06kTXsor7NS6I2fGxS1bn6,Mobile1 Music,0,3,1,1,2,1,1,1,0,0
"Good Luck, Babe!",Chappell Roan,2,spotify:track:0WbMK4wrZ1wFSty9F7FCgu,Chappell Roan PS/ Island,1,1,1,1,2,1,1,1,0,1
Cry For Me,The Weeknd,2,spotify:track:3AWDeHLc88XogCaCnZQLVI,XO / Republic Records,0,2,1,1,1,1,1,1,0,1
אוויר לנשימה,The Weeknd,2,spotify:track:3AWDeHLc88XogCaCnZQLVI,XO / Republic Records,0,2,1,1,1,1,1,1,0,0
30 For 30 (with Kendrick Lamar),The Weeknd,2,spotify:track:3AWDeHLc88XogCaCnZQLVI,XO / Republic Records,0,2,1,1,0,1,1,1,0,1
יונתן סע הביתה,The Weeknd,2,spotify:track:3AWDeHLc88XogCaCnZQLVI,XO / Republic Records,0,2,1,1,0,1,1,1,0,0
חיכיתי לך - מנורה Live,The Weeknd,2,spotify:track:3AWDeHLc88XogCaCnZQLVI,XO / Republic Records,0,2,1,1,0,1,1,1,0,1
אני לא מפסיק להתרגש ממך,Danny Robas,2,spotify:track:4rQOpu34WFMZFGaoHcO8d0,Anana,1,1,1,1,0,1,1,1,0,0
פחד אלוהים,Kfir Tsafrir,0,spotify:track:1jCAwxwhHIrtWzGeF6WfJ7,Tedy Productions / Kfir Tsafrir under exclusive license to D-Music,3,0,1,1,0,3,3,3,0,0
יוצאת מזה,Kfir Tsafrir,0,spotify:track:1jCAwxwhHIrtWzGeF6WfJ7,Tedy Productions / Kfir Tsafrir under exclusive license to D-Music,3,0,1,1,2,1,1,1,0,0
Somewhere Only We Know,Keane,1,spotify:track:0ll8uFnc0nANY35E0Lfxvg,Universal-Island Records Ltd.,0,0,1,1,2,1,1,1,0,1
When I Was Your Man,Bruno Mars,0,spotify:track:0B7wvvmu9EISAwZnOpjhNI,Atlantic Records,2,1,1,1,2,1,1,1,0,1
Born Again (feat. Doja Cat & RAYE),Bruno Mars,0,spotify:track:0B7wvvmu9EISAwZnOpjhNI,Atlantic Records,2,1,1,1,1,1,1,1,0,1
צעדים,Bruno Mars,0,spotify:track:0B7wvvmu9EISAwZnOpjhNI,Atlantic Records,2,1,1,1,1,1,1,1,0,0
כשיגמר לכם הקיץ,ששון איפרם שאולוב,0,spotify:track:318nfosyorMlmjZq1m1Uh4,Mobile1 Music,3,3,1,1,1,1,1,1,0,0
עת הלבנה,"Ravid Plotnik, Michal Lotan",2,spotify:track:3n6kfT0sbKCbHSCmnzTD6w,NaNa Disc,2,2,1,1,1,1,1,1,0,0
São Paulo (feat. Anitta),"The Weeknd, Anitta",2,spotify:track:7DY756WOLyOz2Xnhw4EFiC,XO / Republic Records,0,3,1,1,0,1,1,1,0,1
רבות הדרכים,"The Weeknd, Anitta",2,spotify:track:7DY756WOLyOz2Xnhw4EFiC,XO / Republic Records,0,3,1,1,0,1,1,1,0,0
הכל יהיה,הפיל הכחול - Hapil,0,spotify:track:6SsIHyxHGkKaN9MET0k11l,821837 Records DK,1,1,1,1,0,1,1,1,0,0
La La La,"Naughty Boy, Sam Smith",2,spotify:track:3wPPWcVuinAU7dXcJXtCID,Virgin Records Ltd,0,1,1,1,2,1,1,1,0,1
Beanie,Chezile,0,spotify:track:5e0b9LgOfi3aJSKXFcOWRe,Chezile / 10K Projects,0,1,1,1,2,1,1,1,0,1
יכולה לבד,Odeya,0,spotify:track:3zefogTeUFZqWJeuWz4ftK,Helicon Aroma Music Ltd.,0,3,1,1,2,1,1,1,0,0
Knockin' On Heaven's Door,Odeya,0,spotify:track:3zefogTeUFZqWJeuWz4ftK,Helicon Aroma Music Ltd.,0,3,1,1,2,1,1,1,0,1
לי ולה,"Ravid Plotnik, Avishai Cohen",0,spotify:track:4y4CClBoVYR9rXmeL5oK9c,NaNa Disc,1,3,1,1,1,1,1,1,0,0
אישה מהשמיים,Gilad Segev,2,spotify:track:2ya0JtcbcMT35tsDUTuLQx,Mobile1 Music,1,0,1,1,1,1,1,1,0,0
הכוכבים דולקים על אש קטנה,Gilad Segev,2,spotify:track:2ya0JtcbcMT35tsDUTuLQx,Mobile1 Music,1,0,1,1,1,1,1,1,0,0
שממה,Gilad Segev,2,spotify:track:2ya0JtcbcMT35tsDUTuLQx,Mobile1 Music,1,0,1,1,1,1,1,1,0,0
אסטרולוגים רבנים,Odeya,0,spotify:track:7yK3Xio4KcExOyi28hWpmt,Helicon Aroma Music Ltd.,0,3,1,1,1,1,1,1,0,0
NUEVAYoL,Bad Bunny,1,spotify:track:5TFD2bmFKGhoCRbX61nXY5,Rimas Entertainment LLC.,0,0,1,1,1,1,1,1,0,1
סולמות ונחשים,Omer Adam,1,spotify:track:0c9Sq3RDqb8sd6N9B8yM4v,P.A.I LTD,2,1,1,1,0,1,1,1,0,0
That's What I Like,Bruno Mars,0,spotify:track:0KKkJNfGyhkQ5aFogxQAPU,Atlantic Records,3,0,1,1,0,1,1,1,0,1
Breakin' Dishes,Rihanna,0,spotify:track:5EcG8eMMlwkHRVa4aTR1qd,Def Jam Recordings,0,3,1,1,0,1,1,1,0,1
עכשיו טוב,Rihanna,0,spotify:track:5EcG8eMMlwkHRVa4aTR1qd,Def Jam Recordings,0,3,1,1,0,1,1,1,0,0
Grenade,Rihanna,0,spotify:track:5EcG8eMMlwkHRVa4aTR1qd,Def Jam Recordings,0,3,1,1,0,1,1,1,0,1
אין מה לחפש בחוץ,Ravid Plotnik,3,spotify:track:7inwpGKVgS13Igzdz0m4yu,NaNa Disc,2,2,1,1,2,1,1,1,0,0
4X4,Ravid Plotnik,3,spotify:track:7inwpGKVgS13Igzdz0m4yu,NaNa Disc,2,2,1,1,2,1,1,1,0,1
לאהוב אותך כל יום,"Doli & Penn, Eden Hason",1,spotify:track:0QDGzInNYjTlYI28Xq7slK,Dolev Ram / Penn Hazut / Sarit Productions under exclusive license to D-Music,3,3,1,1,2,1,1,1,0,0
GBP (feat. 21 Savage),"Doli & Penn, Eden Hason",1,spotify:track:0QDGzInNYjTlYI28Xq7slK,Dolev Ram / Penn Hazut / Sarit Productions under exclusive license to D-Music,3,3,1,1,2,1,1,1,0,1
זה הכל בשבילך,"Danny Sanderson, Mazi Cohen",0,spotify:track:6dMsWeQ2vCXOroR5dL84Wf,NMC United Entertainment Ltd.,0,3,1,1,1,1,1,1,0,0
There's Nothing Holdin' Me Back,"Danny Sanderson, Mazi Cohen",0,spotify:track:6dMsWeQ2vCXOroR5dL84Wf,NMC United Entertainment Ltd.,0,3,1,1,1,1,1,1,0,1
Set Fire to the Rain,"Danny Sanderson, Mazi Cohen",0,spotify:track:6dMsWeQ2vCXOroR5dL84Wf,NMC United Entertainment Ltd.,0,3,1,1,1,1,1,1,0,1
Swim,Chase Atlantic,1,spotify:track:3M0lSi5WW79CXQamgSBIjx,Warner Records,0,0,1,1,0,1,1,1,0,1
Mockingbird,Chase Atlantic,1,spotify:track:3M0lSi5WW79CXQamgSBIjx,Warner Records,0,0,1,1,0,1,1,1,0,1
הרבה ממך נשאר,Liran Danino,1,spotify:track:3coSv6fcKv2JFWXfgT6q0e,A.M Music Productions LTD,2,0,1,1,0,1,1,1,0,0
אתה אני אולי,Noa Kirel,1,spotify:track:3VaEnW5C0x8htoAs4W040U,Noa Kirel under exclusive license to NMC United Entertainment Ltd.,1,1,1,1,0,1,1,1,0,0
יש לך אותי,"Ravid Plotnik, Shai Tsabari",3,spotify:track:0IrfyUXDhomVvoP9MpUuH1,NaNa Disc,2,3,1,3,3,1,1,1,0,0
לילה טוב אהובה,"Ravid Plotnik, Z.K",3,spotify:track:0OL7DSjlGv17x2VvCeZYve,NaNa Disc,2,3,1,2,2,1,1,1,0,0
למה לי למה לו,"Ravid Plotnik, Z.K",3,spotify:track:0OL7DSjlGv17x2VvCeZYve,NaNa Disc,2,3,1,2,2,1,1,1,0,0
כאלו מילים,Tomer Yosef,1,spotify:track:0n2BeC9E0M7fC2jbKBYetu,Unicell,1,1,2,1,2,1,1,1,0,0
גלות לוס אנג'לס,Ravid Plotnik,3,spotify:track:1oWX8BHeUoSE6TuFFW7Jao,NaNa Disc,2,3,1,2,2,1,1,1,0,0
תן לי תפילה,Shmuel,0,spotify:track:2biQCM9i8PaFYVEYyVkn31,Mobile1 Music,1,0,1,1,1,1,1,1,0,0
It's So Hard,Shmuel,0,spotify:track:2biQCM9i8PaFYVEYyVkn31,Mobile1 Music,1,0,1,1,1,1,1,1,0,1
כל כך מוכר,"הכוכב הבא, אודי שניידר",2,spotify:track:0HSOBKpR7EiHP06n8gAGFh,Keshet Broadcasting Ltd. under exclusive license to D-Music,0,3,1,1,1,1,1,1,0,0
שום דבר אחר,Idan Amedi,3,spotify:track:1HzrNvgVZBerBXdBBteFrG,Helicon Aroma Music Ltd. / Snype Production Ltd.,0,2,1,1,1,1,1,1,0,0
בורות היא ברכה,Ravid Plotnik,3,spotify:track:6RynrY285pqy0qVxfgWENI,NaNa Disc,2,3,1,2,0,1,1,1,0,0
עברתי רק כדי לראות,"Tomer Yosef, Ben Hendler",1,spotify:track:77k6W05ZwUQ8cp0CeK0iN6,NaNa Disc,1,0,2,1,0,1,1,1,0,0
היה נחמד,"Tomer Yosef, Ben Hendler",1,spotify:track:77k6W05ZwUQ8cp0CeK0iN6,NaNa Disc,1,0,2,1,0,1,1,1,0,0
לצאת מדיכאון,"Tomer Yosef, Ben Hendler",1,spotify:track:77k6W05ZwUQ8cp0CeK0iN6,NaNa Disc,1,0,2,1,0,1,1,1,0,0
ללכת,"Tomer Yosef, Ben Hendler",1,spotify:track:77k6W05ZwUQ8cp0CeK0iN6,NaNa Disc,1,0,2,1,0,1,1,1,0,0
בחשכה (הכל זה גם וגם),Ravid Plotnik,3,spotify:track:7kjQPQRJnTfHqK79Zq7fEC,NaNa Disc,1,3,1,2,0,1,1,1,0,0
לא הצלחתי לישון הלילה,Ravid Plotnik,3,spotify:track:7kjQPQRJnTfHqK79Zq7fEC,NaNa Disc,1,3,1,2,3,1,1,1,0,0
שגרה בזמן מלחמה,Ravid Plotnik,3,spotify:track:7kjQPQRJnTfHqK79Zq7fEC,NaNa Disc,1,3,1,2,3,1,1,1,0,0
אינסוף,Idan Amedi,3,spotify:track:525IyHzf3ZsydmsRfDu0Vp,Helicon Aroma Music Ltd. / Snype Production Ltd.,0,3,1,1,3,1,1,1,0,0
מכתב לילדים,Idan Amedi,2,spotify:track:2CmN6lg34uckZT5OAbqkOJ,Helicon Aroma Music Ltd. / Snype Production Ltd.,0,3,1,1,3,1,1,1,0,0
מכשפה,"Static, Adi Bity",2,spotify:track:2WDgnb44mEO7gWUtECuNLJ,Mobile1 Music,2,2,1,1,2,1,2,1,0,0
נאדי באדי,"Shahar Tavoch, Agam Buhbut",2,spotify:track:5lNB8HWmxpICQXi5Pgatz1,NMC United Entertainment Ltd.,3,2,1,1,2,3,3,3,0,0
Wake Me Up,Avicii,2,spotify:track:0nrRP2bk19rLc0orkWPQk2,Universal Music AB,2,3,1,1,2,1,1,1,0,1
שותפה שלי,Moshiko Mor,2,spotify:track:5FQCwtsC3YanKJzpfkvnDt,E.S Productions under exclusive license to D-Music,2,1,1,1,2,1,1,1,0,0
בלי לבחור,Idan Amedi,1,spotify:track:3rXeukorvha6no0byAiMTn,Helicon Aroma Music Ltd. / Snype Production Ltd.,0,3,1,1,1,1,1,1,0,0
לילה,Omer Adam,2,spotify:track:6FbmUqAPNiQ5IXxMTNKV3u,P.A.I LTD,2,2,1,1,1,1,1,1,0,0
שיר לאמא,Omer Adam,2,spotify:track:6FbmUqAPNiQ5IXxMTNKV3u,P.A.I LTD,2,2,1,1,0,1,1,1,0,0
עזבת ת'בית,"Peled, Nastia Rod",1,spotify:track:4wEFTT1fmFfsLY1K7Y40Cy,Mobile1 Music,3,1,1,1,0,1,3,1,0,0
Here Comes The Sun - Remastered 2009,The Beatles,1,spotify:track:6dGnYIeXmHdcikdzNNDMm2,EMI Catalogue,1,0,3,1,0,1,1,1,0,1
רכבת לצפון,The Beatles,1,spotify:track:6dGnYIeXmHdcikdzNNDMm2,EMI Catalogue,1,0,3,1,0,1,1,1,0,0
לב יפה,Ron Buhnik,0,spotify:track:79frUUdqTcE1Qll6Twt8Ds,Mobile1 Music,2,0,1,1,2,1,1,1,0,0
לב,Ron Buhnik,0,spotify:track:79frUUdqTcE1Qll6Twt8Ds,Mobile1 Music,2,0,1,1,2,1,1,1,0,0
Losing My Religion,Ron Buhnik,0,spotify:track:79frUUdqTcE1Qll6Twt8Ds,Mobile1 Music,2,0,1,1,1,1,1,1,0,1
lovely (with Khalid),"Billie Eilish, Khalid",0,spotify:track:0u2P5u6lvoDfwTYjAADbn4,Darkroom,1,0,3,1,1,1,1,1,0,1
End of Beginning,Djo,0,spotify:track:3qhlB30KknSejmIvZZLjOD,Djo,2,0,1,1,1,1,1,1,0,1
Someone You Loved,Lewis Capaldi,0,spotify:track:7qEHsqek33rTcFNT9PFqLf,Vertigo Berlin,3,0,3,1,1,1,1,1,0,1
כפרה שלי,Ravid Plotnik,0,spotify:track:7mBGGsJwx4o8NiqWfmAJ96,NaNa Disc,2,0,2,1,0,1,1,1,0,0
עדיין ריק,Ravid Plotnik,0,spotify:track:7mBGGsJwx4o8NiqWfmAJ96,NaNa Disc,2,0,2,1,0,1,1,1,0,0
Kill Bill,SZA,0,spotify:track:1Qrg8KqiBpW07V7PNxwwwL,Top Dawg Entertainment/RCA Records,3,1,1,1,0,1,1,1,0,1
Ma Meilleure Ennemie (from the series Arcane League of Legends),SZA,0,spotify:track:1Qrg8KqiBpW07V7PNxwwwL,Top Dawg Entertainment/RCA Records,3,1,1,1,0,1,1,1,0,1
כד קטן,Yorik Ben David,2,spotify:track:3W2ivfrQP1kG0Uh5IBJn7P,NMC United Entertainment Ltd.,1,3,1,1,3,1,1,1,0,0
Lucid Dreams,Juice WRLD,2,spotify:track:285pBltuF7vW8TeWk8hdRR,Juice WRLD Mixtape / ISR P&D,3,1,3,1,2,1,1,1,0,1
סביבון,Hana Laszlo,2,spotify:track:58NBSNdG8s0jSikjPRmdjS,NMC United Entertainment Ltd.,1,3,1,1,2,1,1,1,0,0
אין מרחק בינינו,Eden Hason,2,spotify:track:5vrzcGVyLeru7vHm89EvRr,Mobile1 Music,1,1,1,1,1,1,1,1,0,0
Hurricane,Eden Golan,0,spotify:track:2Ozw7k5CLtM5W9SomrOyjw,Session42,3,3,1,1,1,1,1,1,0,1
לא נגמר,Eden Golan,0,spotify:track:2Ozw7k5CLtM5W9SomrOyjw,Session42,3,3,1,1,1,1,1,1,0,0
מלאך של כבוד,Omer Adam,1,spotify:track:5dDkX66Ov8pqr1l9Cyk02l,P.A.I LTD,2,1,1,1,0,1,1,1,0,0
מעליות,"Dudu Tassa, Roni Alter",1,spotify:track:2FMwWEcq2uWnc6ILvodlta,Hed Arzi Ltd.,1,0,3,1,3,1,1,1,0,0
באנו חושך לגרש,"Dudu Tassa, Roni Alter",1,spotify:track:2FMwWEcq2uWnc6ILvodlta,Hed Arzi Ltd.,1,0,3,1,1,1,1,1,0,0
מעוז צור,"Dudu Tassa, Roni Alter",1,spotify:track:2FMwWEcq2uWnc6ILvodlta,Hed Arzi Ltd.,1,0,3,1,0,1,1,1,0,0
we can't be friends (wait for your love),Ariana Grande,0,spotify:track:51ZQ1vr10ffzbwIjDCwqm4,Republic Records,3,0,1,1,0,1,1,1,0,1
Ransom,Ariana Grande,0,spotify:track:51ZQ1vr10ffzbwIjDCwqm4,Republic Records,3,0,1,1,0,1,1,1,0,1
שיר לשירה,Ariana Grande,0,spotify:track:51ZQ1vr10ffzbwIjDCwqm4,Republic Records,3,0,1,1,3,1,1,1,0,0
אנטארקטיקה,Ariana Grande,0,spotify:track:51ZQ1vr10ffzbwIjDCwqm4,Republic Records,3,0,1,1,3,1,1,1,0,0
זן נדיר - Remastered,Ariana Grande,0,spotify:track:51ZQ1vr10ffzbwIjDCwqm4,Republic Records,3,0,1,1,3,1,1,1,0,1
שיר לנטע,ניר כנען,2,spotify:track:54WbiFSE71t4GwNln4Z2fe,Helicon Music,2,0,1,1,1,1,2,1,0,0
Pink + White,Frank Ocean,1,spotify:track:3xKsf9qdS1CyvXSMEid6g8,Boys Don't Cry,0,0,1,1,1,1,1,1,0,1
רק אל תלכי,Frank Ocean,1,spotify:track:3xKsf9qdS1CyvXSMEid6g8,Boys Don't Cry,0,0,1,1,1,1,1,1,0,0
Popular,Ariana Grande,1,spotify:track:3i8fIJNV0yuC4kXT3SkVBZ,Universal Studios and Republic Records,0,1,1,1,0,1,1,1,0,1
לא להתאבסס,Anna Zak,1,spotify:track:6RTcp6RWf1IKkxPp9DRYPz,ITModels / Triangle under exclusive license to D-Music,0,0,1,1,0,1,1,1,0,0
סוף סוף אני,Eden Hason,2,spotify:track:04BEjO8G5HQM24fAvAv1cR,Mobile1 Music,1,2,1,1,2,1,1,1,0,0
אם את חייבת/אינטרו,Vibe Ish,1,spotify:track:093NpjRdVPM0zE1GlT4gNo,Mobile1 Music,2,0,1,1,1,1,1,1,0,0
כסף או דמעות,Vibe Ish,1,spotify:track:093NpjRdVPM0zE1GlT4gNo,Mobile1 Music,2,0,1,1,1,1,1,1,0,0
תיק קטן,"STILLA, Ness",0,spotify:track:3mCCFs2hdDM2mObzARzxOg,2023 Va’ad Ha Bait records By PIL LTD,3,0,1,1,1,1,1,1,0,0
Ain't No Sunshine,Bill Withers,0,spotify:track:1k1Bqnv2R0uJXQN4u6LKYt,Columbia/Legacy,2,0,1,1,1,1,2,1,0,1
Defying Gravity,"Cynthia Erivo, Ariana Grande",1,spotify:track:5QMrH5nszZZR3nefIj6Mar,Universal Studios and Republic Records,0,3,1,1,1,1,1,1,0,1
י'א 2,Tuna,0,spotify:track:2PpTUW96jjJYr8ib8RUnUu,Anana Ltd.,2,3,3,1,1,1,1,1,0,0
מטומטמת,Tuna,0,spotify:track:2PpTUW96jjJYr8ib8RUnUu,Anana Ltd.,2,3,3,1,0,1,1,1,0,0
לא יפריד דבר,Danny Sanderson,0,spotify:track:15F9JWEQMs4TwKKwJaANPM,NMC United Entertainment Ltd.,0,0,1,1,0,1,1,1,0,0
צבעים,Danny Sanderson,0,spotify:track:15F9JWEQMs4TwKKwJaANPM,NMC United Entertainment Ltd.,0,0,1,1,0,1,1,1,0,0
Bye Bye Bye - From Deadpool and Wolverine Soundtrack,*NSYNC,1,spotify:track:62bOmKYxYg7dhrC6gH9vFn,Jive,2,0,1,1,0,1,1,1,0,1
עד שתבואי עד אליי,Eden Hason,3,spotify:track:1Rh5r9vUOumJ1sbPuv3dkO,Mobile1 Music,3,2,1,1,3,1,3,1,0,0
reincarnated,Kendrick Lamar,3,spotify:track:0RgjEkSbeuStKfT2Pa4Zai,"pgLang, under exclusive license to Interscope Records",2,3,1,2,3,1,1,1,0,1
wacced out murals,Kendrick Lamar,3,spotify:track:5gOfC9UzZQzTyShqPMrpjT,"pgLang, under exclusive license to Interscope Records",2,3,1,2,2,1,1,1,0,1
Embrace It,Ndotz,2,spotify:track:0io16MKpbeDIdYzmGpQaES,Isekai Records,1,2,1,1,2,1,1,1,0,1
לב שביר,Ndotz,2,spotify:track:0io16MKpbeDIdYzmGpQaES,Isekai Records,1,2,1,1,2,1,1,1,0,0
heart pt. 6,Kendrick Lamar,3,spotify:track:1SGvjfc85yzqKXsfKcCxn2,"pgLang, under exclusive license to Interscope Records",1,3,1,1,2,1,1,1,0,1
All Girls Are The Same,Juice WRLD,0,spotify:track:4VXIryQMWpIdGgYR4TrjT1,Juice WRLD Mixtape / ISR P&D,0,3,1,1,1,1,1,1,0,1
What Is This Feeling?,Juice WRLD,0,spotify:track:4VXIryQMWpIdGgYR4TrjT1,Juice WRLD Mixtape / ISR P&D,0,3,1,1,0,1,1,1,0,1
Back To Black,Amy Winehouse,0,spotify:track:3FAclTFfvUuQYnEsptbK8w,Universal-Island Records Ltd.,0,0,1,1,0,1,1,1,0,1
Shut up My Moms Calling,Amy Winehouse,0,spotify:track:3FAclTFfvUuQYnEsptbK8w,Universal-Island Records Ltd.,0,0,1,1,0,1,1,1,0,1
את חסרה לי & אורות,"Avraham Tal, Eden Hason",0,spotify:track:6Eds9y8ZiQHcIegsEIVcYP,Mobile1 Music,3,0,1,1,0,1,1,1,0,0
hey now (feat. dody6),"Kendrick Lamar, Dody6",3,spotify:track:5S8VwnB4sLi6W0lYTWYylu,"pgLang, under exclusive license to Interscope Records",1,3,1,1,0,1,1,1,0,1
man at the garden,"Kendrick Lamar, Dody6",3,spotify:track:5S8VwnB4sLi6W0lYTWYylu,"pgLang, under exclusive license to Interscope Records",1,3,1,1,3,1,1,1,0,1
"dodger blue (feat. wallie the sensei, siete7x, roddy ricch)","Kendrick Lamar, Dody6",3,spotify:track:5S8VwnB4sLi6W0lYTWYylu,"pgLang, under exclusive license to Interscope Records",1,3,1,1,3,1,1,1,0,1
gloria (with sza),"Kendrick Lamar, Dody6",3,spotify:track:5S8VwnB4sLi6W0lYTWYylu,"pgLang, under exclusive license to Interscope Records",1,3,1,1,3,1,1,1,0,1
"gnx (feat. hitta j3, youngthreat, peysoh)","Kendrick Lamar, Dody6",3,spotify:track:5S8VwnB4sLi6W0lYTWYylu,"pgLang, under exclusive license to Interscope Records",1,3,1,1,3,1,1,1,0,1
יש לי חור בלב בצורה שלך,"Girafot, אלמוג",3,spotify:track:0tx3OWVFMJ5GgrGa9QGFaQ,Universal Music Israel Distributed Labels,2,2,2,1,3,1,1,1,0,0
(Sittin' On) the Dock of the Bay,Otis Redding,2,spotify:track:3zBhihYUHBmGd2bcQIobrF,Rhino Atlantic,0,1,1,1,2,1,1,1,0,1
רונדלים,Static,2,spotify:track:3Au0H4VhjcXZ5HGOHo8Nc3,Mobile1 Music,3,1,1,1,2,1,3,1,0,0
מדליקה לי הכל,Eden Hason,2,spotify:track:7rNA5Jwu23g7PaXcMwfLdq,Mobile1 Music,3,0,2,1,1,1,1,1,0,0
St. Chroma (feat. Daniel Caesar),"Tyler, The Creator, Daniel Caesar",1,spotify:track:1QoyuMHNBe7lg3YW4Qtll4,Columbia,2,2,1,1,0,1,1,1,0,1
The Emptiness Machine,"Tyler, The Creator, Daniel Caesar",1,spotify:track:1QoyuMHNBe7lg3YW4Qtll4,Columbia,2,2,1,1,2,1,1,1,0,1
מגדלים - לייב מבריכת הסולטן,"Tyler, The Creator, Daniel Caesar",1,spotify:track:1QoyuMHNBe7lg3YW4Qtll4,Columbia,2,2,1,1,2,1,1,1,0,0
חרבו דרבו,"STILLA, Ness",2,spotify:track:6IVIMUcrykPBQqWVA0g7zw,2023 Maman Productions & Va’ad Ha Bait Records by PIL ltd,3,1,1,1,2,1,1,1,0,0
לילה טוב,Odeya,1,spotify:track:1WqRnSjBc7L2DnLzsNvqOm,Helicon Aroma Music Ltd.,2,0,1,1,1,1,1,1,0,0
עכשיו התור לאהבה,Omer Adam,0,spotify:track:49pn67BTjYDLqzDkOFrm1E,P.A.I LTD,1,1,1,1,0,1,1,1,0,0
עוד יום,Omer Adam,0,spotify:track:49pn67BTjYDLqzDkOFrm1E,P.A.I LTD,1,1,1,1,0,1,1,1,0,0
תראי אהובתי,Osher Cohen,2,spotify:track:6uCZdJ3p3hrfi6mRKVtt7k,Helicon Aroma Music Ltd./ P.A.I Production Adam Investment Ltd.,3,1,1,1,2,1,2,1,0,0
ניצחונות קטנים,Nathan Goshen,0,spotify:track:66LQkHS38PqBwy97zJZuGY,Nathan Goshen under exclusive license to D-Music,0,0,1,1,2,1,1,1,0,0
חומר ממכר,Ben Chen,1,spotify:track:2vR9gmLutur2qzskoEcYna,Helicon Music,2,1,1,1,1,1,1,1,0,0
עטלף,Static,2,spotify:track:196lkHGqjAKd2gwAGGt9XG,Mobile1 Music,0,3,1,1,1,1,1,1,0,0
לך אלי,Static,2,spotify:track:196lkHGqjAKd2gwAGGt9XG,Mobile1 Music,0,3,1,1,1,1,1,1,0,0
גשם,Static,2,spotify:track:196lkHGqjAKd2gwAGGt9XG,Mobile1 Music,0,3,1,1,0,1,1,1,0,0
שכחתי מזמן,Eyal Golan,1,spotify:track:1wvwnZRwqofa1YDTNyOm07,Liam Productions under exclusive license to D-Music,2,1,1,1,0,1,1,1,0,0
סיגליות,"Omer Adam, David Broza",0,spotify:track:3Q6d64XJr20cHQtRd07YGj,P.A.I LTD,2,0,1,1,0,1,1,1,0,0
"Darling, I (feat. Teezo Touchdown)","Tyler, The Creator, Teezo Touchdown",3,spotify:track:0VaeksJaXy5R1nvcTMh3Xk,Columbia,1,3,1,1,2,1,1,1,0,1
Noid,"Tyler, The Creator",3,spotify:track:1YdtGoSYDvVQKoUqSDXX41,Columbia,2,3,1,1,2,1,1,1,0,1
סלינה,Peer Tasi,1,spotify:track:3piVfvEpcO5TXO1qn55NtX,Peer Tasi LTD under exclusive license to D-Music,2,1,1,1,2,1,1,1,0,0
קחי לך זמן,יציאת חירום,2,spotify:track:4jurtysyzLBMr64w1uYIau,2014 Way Not Productions By PIL LTD,0,0,1,1,2,1,1,1,0,0
להאמין,"Doli & Penn, Idan Raichel",1,spotify:track:3HkHwuHaOn1F9vEZxIEqCw,Dolev Ram & Penn Hazut / Helicon Ltd. under exclusive license to D-Music,1,3,1,1,2,1,1,1,0,0
Alibi (with Pabllo Vittar & Yseult),"Sevdaliza, Pabllo Vittar, Yseult",1,spotify:track:5496lks6V3fh1mZAB6IAap,Twisted Elegance,1,1,1,1,1,1,1,1,0,1
FE!N (feat. Playboi Carti),"Travis Scott, Playboi Carti",1,spotify:track:42VsgItocQwOQC3XWZ8JNA,Cactus Jack/Epic,2,1,1,1,1,1,1,1,0,1
Rah Tah Tah,"Tyler, The Creator",3,spotify:track:5RePVWy39tLpHH0WwXgBsK,Columbia,1,3,1,1,1,1,1,1,0,1
פרנציפ,"Static, Ness, STILLA",2,spotify:track:4paVKldW1YeVqHdpFomk2O,Mobile1 Music,1,1,1,1,1,1,1,1,0,0
NEW DROP,Don Toliver,1,spotify:track:2c7z5oRcPBbqRaBY2mLWcf,Cactus Jack / Atlantic,0,3,1,1,1,1,1,1,0,1
Night Changes,One Direction,2,spotify:track:5O2P9iiztwhomNh8xkR9lJ,Syco Music,0,2,1,1,1,1,1,1,0,1
Creep,Radiohead,0,spotify:track:70LcF31zb1H0PyJoS1Sx1r,XL Recordings,0,3,1,1,0,1,1,1,0,1
Story of My Life,One Direction,2,spotify:track:4nVBt6MZDDP6tRVdQTgxJg,Syco Music,0,2,1,1,0,1,1,1,0,1
שמלה כחולה,Liran Danino,0,spotify:track:4jF2KwFgnuwvAk1rHbCBx7,A.M Music Productions LTD,0,3,1,1,0,1,1,1,0,0
Disease,Liran Danino,0,spotify:track:4jF2KwFgnuwvAk1rHbCBx7,A.M Music Productions LTD,0,3,1,1,2,1,1,1,0,1
Wonderwall - Remastered,Oasis,2,spotify:track:5qqabIl2vWzo9ApSC317sa,Big Brother,0,0,1,1,2,1,1,1,0,1
סהרה,Tuna,1,spotify:track:3uidHx3If1PWAOCMcCdkNH,NaNa Disc,3,3,2,1,1,1,1,1,0,0
תרקדי (7.10.23),Tuna,1,spotify:track:3uidHx3If1PWAOCMcCdkNH,NaNa Disc,3,3,2,1,1,1,1,1,0,0
"Sticky (feat. GloRilla, Sexyy Red & Lil Wayne)",Tuna,1,spotify:track:3uidHx3If1PWAOCMcCdkNH,NaNa Disc,3,3,2,1,1,1,1,1,0,1
חייזרית,Peer Tasi,1,spotify:track:6gDb8gPgdv49sJJ0VpqEMp,Peer Tasi LTD under exclusive license to D-Music,1,1,1,1,1,1,1,1,0,0
Sparks,Peer Tasi,1,spotify:track:6gDb8gPgdv49sJJ0VpqEMp,Peer Tasi LTD under exclusive license to D-Music,1,1,1,1,1,1,1,1,0,1
The Door,Peer Tasi,1,spotify:track:6gDb8gPgdv49sJJ0VpqEMp,Peer Tasi LTD under exclusive license to D-Music,1,1,1,1,1,1,1,1,0,1
אקורדים בלילות,Peer Tasi,1,spotify:track:6gDb8gPgdv49sJJ0VpqEMp,Peer Tasi LTD under exclusive license to D-Music,1,1,1,1,1,1,1,1,0,0
מכה אפורה,Peer Tasi,1,spotify:track:6gDb8gPgdv49sJJ0VpqEMp,Peer Tasi LTD under exclusive license to D-Music,1,1,1,1,1,1,1,1,0,0
Why'd You Only Call Me When You're High?,Arctic Monkeys,0,spotify:track:086myS9r57YsLbJpU0TgK9,Domino Recording Co,1,3,2,1,0,1,1,1,0,1
רק הזמן,Jasmin Moallem,3,spotify:track:1KMT5j1608afIjko14UBNP,Helicon Music,1,2,1,1,2,1,1,1,0,0
לחזור הביתה,Jasmin Moallem,3,spotify:track:1KMT5j1608afIjko14UBNP,Helicon Music,1,2,1,1,2,1,1,1,0,0
עם ישראל חי,Eyal Golan,0,spotify:track:31HDrKLG70d8SY6UU4sl9l,Liam Productions under exclusive license to D-Music,3,3,1,1,1,1,1,1,0,0
דרבק,Moni,0,spotify:track:4uL9uKOOrtjuAoXLaeDyoa,Rad Star Management,1,0,1,1,1,1,1,1,0,0
גדל לי קצת זקן,Moni,0,spotify:track:4uL9uKOOrtjuAoXLaeDyoa,Rad Star Management,1,0,1,1,1,1,1,1,0,0
עיר נמל,Eyal Golan,0,spotify:track:0tz3QCsEBQDsXGqden3NEI,Liam Productions under exclusive license to D-Music,3,0,1,1,1,1,1,1,0,0
אפס מאמץ,"Static & Ben El, Netta",1,spotify:track:2liUMhNvpAxRNVAGnz8jNJ,Mobile1 Music,3,1,2,1,1,1,1,1,0,0
Don't Stop Me Now - Remastered 2011,"Static & Ben El, Netta",1,spotify:track:2liUMhNvpAxRNVAGnz8jNJ,Mobile1 Music,3,1,2,1,0,1,1,1,0,1
דבש ותפוח,Tomer Yosef,1,spotify:track:5fFNw4YX4N8sR1CFzbPTDW,NaNa Disc,1,0,2,1,0,1,1,1,0,0
Gata Only,"FloyyMenor, Cris Mj",0,spotify:track:2esZG2XFtuoWWA9AfDvSxy,FloyyMenor under exclusive license to UnitedMasters LLC,2,0,1,1,0,1,1,1,0,1
As It Was,"FloyyMenor, Cris Mj",0,spotify:track:2esZG2XFtuoWWA9AfDvSxy,FloyyMenor under exclusive license to UnitedMasters LLC,2,0,1,1,0,1,1,1,0,1
BA DA BING,Noa Kirel,2,spotify:track:0WAMFZu9JKJ4HN3dzzPUgI,Noa Kirel Music LCC,1,2,1,1,2,1,1,1,0,1
הלב שלי,Ishay Ribo,1,spotify:track:7Ck421SAROdN0Q6RXMbic7,2019 Ishay Ribo BY PIL LTD,3,0,2,1,2,1,1,1,0,0
סדר העבודה,Ishay Ribo,1,spotify:track:7Ck421SAROdN0Q6RXMbic7,2019 Ishay Ribo BY PIL LTD,3,0,2,1,1,1,1,1,0,0
יהי רצון,Ishay Ribo,0,spotify:track:4ERPLdXEg2WqLoKNKnV7Vi,2024 Ishay Ribo | Or Davidson by PIL ltd,0,3,1,1,1,1,1,1,0,0
Guess featuring billie eilish,"Charli xcx, Billie Eilish",1,spotify:track:3WOhcATHxK2SLNeP5W3v1v,Atlantic Records,2,1,1,1,1,1,1,1,0,1
סטלות,Omer Adam,0,spotify:track:2KBtuxA73fMKyj37wr1XKM,P.A.I LTD,3,1,1,1,0,1,3,1,0,0
מפת העולם,Peer Tasi,1,spotify:track:0KING5MxpAvRENMUzhkBtc,Peer Tasi LTD under exclusive license to D-Music,1,1,1,1,0,1,1,1,0,0
אם רק תדברי,Peer Tasi,1,spotify:track:0KING5MxpAvRENMUzhkBtc,Peer Tasi LTD under exclusive license to D-Music,1,1,1,1,2,1,1,1,0,0
שוב אני בדד,Eyal Golan,3,spotify:track:1EZj3gwDRCDVTxJAIGUtMQ,Liam Productions under exclusive license to D-Music,2,2,1,1,2,1,1,1,0,0
Revenge,Eyal Golan,3,spotify:track:1EZj3gwDRCDVTxJAIGUtMQ,Liam Productions under exclusive license to D-Music,2,2,1,1,0,1,1,1,0,1
מה לעשות עם הזאב,Alma Gov,1,spotify:track:6ClLC1FYoL8orfOrcknQkk,Universal Music Israel Distributed Labels,2,1,1,1,0,1,2,1,0,0
יאללה יא נסראללה,Alma Gov,1,spotify:track:6ClLC1FYoL8orfOrcknQkk,Universal Music Israel Distributed Labels,2,1,1,1,3,1,1,1,0,0
בראש השנה,Alma Gov,1,spotify:track:6ClLC1FYoL8orfOrcknQkk,Universal Music Israel Distributed Labels,2,1,1,1,3,1,1,1,0,0
כפיות,Eden Hason,0,spotify:track:02hXZxgl6XwtAdK9y2sb6B,Mobile1 Music,3,0,2,1,1,1,1,1,0,0
שיהיה לך טוב,Noa Kirel,2,spotify:track:6Uk0HOyZ3MVw0Mg55Gvxj8,Noa Kirel under exclusive license to NMC United Entertainment Ltd.,0,1,1,1,1,1,1,1,0,0
עוד לא נגמר,Osher Cohen,2,spotify:track:2tVQnp6k62bMTsWQJYvQXz,Helicon Aroma Music Ltd. / P.A.I Ltd.,2,1,1,1,0,1,1,1,0,0
איך את אוהבת,Osher Cohen,2,spotify:track:2tVQnp6k62bMTsWQJYvQXz,Helicon Aroma Music Ltd. / P.A.I Ltd.,2,1,1,1,0,1,1,1,0,0
A+ (feat. Ravid Plotnik),"Noga Erez, Ravid Plotnik",3,spotify:track:34R5dih7V1DWiuuUxH2tcj,Atlantic Records/Neon Gold,1,3,1,1,0,1,1,1,0,1
משקפיים,"Noa Kirel, Itay Galo",1,spotify:track:5OQrgklT1x9uOr2ee5hlHB,Noa Kirel / Itay Galo / Tal Castiel Music & Ent under exclusive license to D-Music,2,1,1,1,0,1,1,1,0,0
חלל,"Noa Kirel, Itay Galo",1,spotify:track:5OQrgklT1x9uOr2ee5hlHB,Noa Kirel / Itay Galo / Tal Castiel Music & Ent under exclusive license to D-Music,2,1,1,1,2,1,1,1,0,0
אני,Omer Adam,2,spotify:track:5qbezFG8xCtoyUfOcjHUXv,P.A.I LTD,3,0,1,1,2,1,1,1,0,0
שיחות שלום,Omer Adam,2,spotify:track:5qbezFG8xCtoyUfOcjHUXv,P.A.I LTD,3,0,1,1,2,1,1,1,0,0
אני שלך,Avraham Tal,0,spotify:track:5rg4MXC9LBysvrBLrt6i3O,Digistage,0,1,1,1,2,1,1,1,0,0
GODMOTHER (feat. Eden Ben Zaken),Avraham Tal,0,spotify:track:5rg4MXC9LBysvrBLrt6i3O,Digistage,0,1,1,1,2,1,1,1,0,1
יהונתן,Avraham Tal,0,spotify:track:5rg4MXC9LBysvrBLrt6i3O,Digistage,0,1,1,1,1,1,1,1,0,0
It's ok I'm ok,Tate McRae,0,spotify:track:24XihnoVPWXlKJ4BgXqjVM,RCA Records Label,0,3,1,1,1,1,1,1,0,1
מעונה לעונה,Tate McRae,0,spotify:track:24XihnoVPWXlKJ4BgXqjVM,RCA Records Label,0,3,1,1,1,1,1,1,0,0
גושפנקא,"E-Z, Noa Kirel",1,spotify:track:5I0WaR0LpN4Kn1zwbvd145,Unicell,3,3,1,1,0,1,1,1,0,0
Numb,Linkin Park,2,spotify:track:2nLtzopw4rPReszdYBJU6h,Warner Records,0,1,1,1,0,1,1,1,0,1
September,Linkin Park,2,spotify:track:2nLtzopw4rPReszdYBJU6h,Warner Records,0,1,1,1,0,1,1,1,0,1
Demons,Imagine Dragons,0,spotify:track:5qaEfEh1AtSdrdrByCP7qR,Kid Ina Korner / Interscope,2,0,1,1,0,1,1,1,0,1
Hymn for the Weekend,Imagine Dragons,0,spotify:track:5qaEfEh1AtSdrdrByCP7qR,Kid Ina Korner / Interscope,2,0,1,1,0,1,1,1,0,1
הכל טוב אחי,Imagine Dragons,0,spotify:track:5qaEfEh1AtSdrdrByCP7qR,Kid Ina Korner / Interscope,2,0,1,1,0,1,1,1,0,0
ALL RED,Imagine Dragons,0,spotify:track:5qaEfEh1AtSdrdrByCP7qR,Kid Ina Korner / Interscope,2,0,1,1,3,1,1,1,0,1
BAND4BAND (feat. Lil Baby),"Central Cee, Lil Baby",2,spotify:track:7iabz12vAuVQYyekFIWJxD,Columbia,2,2,1,1,2,1,1,1,0,1
Yamore,"MoBlack, Salif Keita, Benja (NL), Franc Fala, Cesária Evora",2,spotify:track:480j122Gpi252OIfy4SNzm,Universal Music Division Decca Records France,0,1,1,1,2,1,1,1,0,1
Skyfall,Adele,0,spotify:track:6VObnIkLVruX4UVyxWhlqm,XL Recordings/Columbia,0,0,1,1,2,1,1,1,0,1
Someone Like You,Adele,1,spotify:track:5lkpeJwmQKgY3bX2zChjxX,XL Recordings,0,0,1,1,1,1,1,1,0,1
פזמון אחר,Eyal Golan,1,spotify:track:5sUTab2UduAG5tZSjrFsaN,Liam Productions under exclusive license to D-Music,1,1,1,1,1,1,1,1,0,0
מתי את חוזרת,Eyal Golan,1,spotify:track:5sUTab2UduAG5tZSjrFsaN,Liam Productions under exclusive license to D-Music,1,1,1,1,1,1,1,1,0,0
Evergreen,Richy Mitch & The Coal Miners,0,spotify:track:6me7F0aaZjwDo6RJ5MrfBD,Richy Mitch & The Coal Miners,1,0,1,1,0,1,1,1,0,1
Rolling in the Deep,Adele,2,spotify:track:6IAZHEBUIGJ6NJKxxOBIEr,XL Recordings,0,1,1,1,0,1,1,1,0,1
נזכרה בי,Peer Tasi,1,spotify:track:4YboX8Ua3NErCD3ActvWM9,Peer Tasi LTD under exclusive license to D-Music,1,1,1,1,0,1,1,1,0,0
Dancing In The Flames,Peer Tasi,1,spotify:track:4YboX8Ua3NErCD3ActvWM9,Peer Tasi LTD under exclusive license to D-Music,1,1,1,1,0,1,1,1,0,1
i like the way you kiss me,Artemas,2,spotify:track:3JG1uFc40wfyrqaWC7iv0e,Artemas,2,1,1,1,2,1,1,1,0,1
MILLION DOLLAR BABY,Tommy Richman,2,spotify:track:5AJ9hqTS2wcFQCELCFRO7A,PULSE Records,2,2,1,1,1,1,1,1,0,1
סן דייגו,Tommy Richman,2,spotify:track:5AJ9hqTS2wcFQCELCFRO7A,PULSE Records,2,2,1,1,0,1,1,1,0,0
על קו הזינוק,Tommy Richman,2,spotify:track:5AJ9hqTS2wcFQCELCFRO7A,PULSE Records,2,2,1,1,0,1,1,1,0,0
Forever Young,Alphaville,1,spotify:track:4S1VYqwfkLit9mKVY3MXoo,WM Germany,0,0,1,1,0,1,1,1,0,1
עוד טיפה,Alphaville,1,spotify:track:4S1VYqwfkLit9mKVY3MXoo,WM Germany,0,0,1,1,3,1,1,1,0,0
Don't Look Back in Anger - Remastered,Alphaville,1,spotify:track:4S1VYqwfkLit9mKVY3MXoo,WM Germany,0,0,1,1,2,1,1,1,0,1
Big Dawgs,"Hanumankind, Kalmi",2,spotify:track:0OA00aPt3BV10qeMIs3meW,Universal Music India Pvt Ltd.,0,1,1,1,2,1,1,1,0,1
Vehi,"Hanumankind, Kalmi",2,spotify:track:0OA00aPt3BV10qeMIs3meW,Universal Music India Pvt Ltd.,0,1,1,1,2,1,1,1,0,1
משוגעת,"Gal Adam, NOROZ",2,spotify:track:3idINUuyRidKbQiMFt6EkU,P.A.I LTD / NOROZ under exclusive license to D-Music,3,2,1,1,2,1,1,1,0,0
Take on Me,a-ha,0,spotify:track:2WfaOiMkCvy7F5fcp2zZ8L,Rhino,0,1,1,1,2,1,1,1,0,1
אין מספיק זמן,Yoshi,2,spotify:track:3MB1afOMzspYZUHF5cB0dq,Universal Music Israel Distributed Labels,0,0,1,1,1,1,1,1,0,0
יום חדש,Yoshi,2,spotify:track:3MB1afOMzspYZUHF5cB0dq,Universal Music Israel Distributed Labels,0,0,1,1,1,1,1,1,0,0
KEHLANI,Jordan Adetunji,1,spotify:track:2hrycoFU1mZw6YPvMcn8yC,300 Entertainment,0,0,1,1,1,1,1,1,0,1
LUNCH,Billie Eilish,1,spotify:track:629DixmZGHc7ILtEntuiWE,Darkroom/Interscope Records,3,1,1,1,0,1,1,1,0,1
מחשבות,Billie Eilish,1,spotify:track:629DixmZGHc7ILtEntuiWE,Darkroom/Interscope Records,3,1,1,1,0,1,1,1,0,0
חמישי שישי,"Osher Cohen, Nadav Navi Aharoni",1,spotify:track:57BFhpG4Iq4Zgnoz2X6zbT,Helicon Aroma Music Ltd./ P.A.I Production Adam Investment Ltd.,2,3,1,1,0,1,1,1,0,0
Way down We Go,KALEO,0,spotify:track:0y1QJc3SJVPKJ1OvFmFqe6,Elektra (NEK),0,0,1,1,0,1,1,1,0,1
38 וחוץ מכדורגל,KALEO,0,spotify:track:0y1QJc3SJVPKJ1OvFmFqe6,Elektra (NEK),0,0,1,1,0,1,1,1,0,0
Lifamim,KALEO,0,spotify:track:0y1QJc3SJVPKJ1OvFmFqe6,Elektra (NEK),0,0,1,1,2,1,1,1,0,1
שאריות מעצמי,KALEO,0,spotify:track:0y1QJc3SJVPKJ1OvFmFqe6,Elektra (NEK),0,0,1,1,2,1,1,1,0,0
Cruel Summer,Taylor Swift,1,spotify:track:1BxfuPKGuaTgP7aM0Bbdwr,Taylor Swift,1,0,1,1,0,1,1,1,0,1
Have You Ever Seen The Rain,Creedence Clearwater Revival,1,spotify:track:2LawezPeJhN4AWuSB0GtAU,Craft Recordings,0,0,1,1,0,1,1,1,0,1
greedy,Tate McRae,0,spotify:track:3rUGC1vUpkDG9CZFHMur1t,RCA Records Label,3,0,1,1,0,1,2,1,0,1
עד שיירד הסהר,Osher Cohen,1,spotify:track:1pizAMAnDm5kDUSBKY3SPk,Helicon Aroma Music Ltd./ P.A.I Ltd.,3,1,1,1,3,1,1,1,0,0
Apple,Charli xcx,2,spotify:track:19RybK6XDbAVpcdxSbZL1o,Atlantic Records,0,3,1,1,2,1,1,1,0,1
Houdini,Eminem,2,spotify:track:1CDQzbCz4KSQxHe7LMEgRM,Shady/Aftermath/Interscope Records,3,2,1,1,2,1,1,1,0,1
Belong Together,Mark Ambor,0,spotify:track:5uQ7de4EWjb3rkcFxyEOpu,"Hundred Days Records, LLC",0,0,1,1,1,1,1,1,0,1
המצב של היום,Mark Ambor,0,spotify:track:5uQ7de4EWjb3rkcFxyEOpu,"Hundred Days Records, LLC",0,0,1,1,1,1,1,1,0,0
שעתיים,Mark Ambor,0,spotify:track:5uQ7de4EWjb3rkcFxyEOpu,"Hundred Days Records, LLC",0,0,1,1,0,1,1,1,0,0
Blinding Lights,The Weeknd,0,spotify:track:0VjIjW4GlUZAMYd2vXMi3b,Republic Records,3,0,3,1,0,1,1,1,0,1
fukumean,Gunna,0,spotify:track:4rXLjWdF2ZZpXCVTfWcshS,300 Entertainment,2,3,1,1,0,1,1,1,0,1
דובשנייה,Gunna,0,spotify:track:4rXLjWdF2ZZpXCVTfWcshS,300 Entertainment,2,3,1,1,0,1,1,1,0,0
בגלגול הבא,Odeya,0,spotify:track:1b8Zi0VlYH3M7eeXQZ7APz,Helicon Aroma Music Ltd.,1,0,1,1,0,1,1,1,0,0
Stargazing,Myles Smith,1,spotify:track:3Vr3zh0r7ALn8VLqCiRR10,RCA Records Label,0,0,1,1,2,1,1,1,0,1
FIELD TRIP,Myles Smith,1,spotify:track:3Vr3zh0r7ALn8VLqCiRR10,RCA Records Label,0,0,1,1,2,1,1,1,0,1
Where Are You Now,Myles Smith,1,spotify:track:3Vr3zh0r7ALn8VLqCiRR10,RCA Records Label,0,0,1,1,2,1,1,1,0,1
Slow It Down,Myles Smith,1,spotify:track:3Vr3zh0r7ALn8VLqCiRR10,RCA Records Label,0,0,1,1,1,1,1,1,0,1
I Don't Wanna Wait,Myles Smith,1,spotify:track:3Vr3zh0r7ALn8VLqCiRR10,RCA Records Label,0,0,1,1,0,1,1,1,0,1
טן טן טן,Ofek Adanek,0,spotify:track:5FGZ7S2rqgXeqkPR2jyO1R,2019 Level Up and Up Company BY PIL LTD,0,3,1,1,0,1,1,1,0,0
Did It First (with Central Cee),"Ice Spice, Central Cee",1,spotify:track:57lsYy0OZLNb5OQ7fEa3Hs,10K Projects/Capitol Records,0,3,1,1,0,1,1,1,0,1
בחורה טובה,"Osher Cohen, Lior Narkis",3,spotify:track:2LWF1rZLLwaHhpC4T9ra9i,Helicon Aroma Music Ltd. / P.A.I Ltd.,1,3,1,1,3,1,1,1,0,0
Vienna,Billy Joel,1,spotify:track:4U45aEWtQhrm8A5mxPaFZ7,Columbia/Legacy,0,3,1,1,2,1,1,1,0,1
ליבי,Peer Tasi,2,spotify:track:21sUkbh9rQ8p4luwW9nCpH,Peer Tasi LTD under exclusive license to D-Music,1,1,1,1,2,1,1,1,0,0
Dust in the Wind,Peer Tasi,2,spotify:track:21sUkbh9rQ8p4luwW9nCpH,Peer Tasi LTD under exclusive license to D-Music,1,1,1,1,1,1,1,1,0,1
חורף באילת,Eden Hason,1,spotify:track:7b6htbJnRzDhQL0RyptHvU,Mobile1 Music,0,1,1,1,0,1,1,1,0,0
Watermelon Sugar,Harry Styles,1,spotify:track:6UelLqGlWMcVH1E5c4H7lY,Columbia,3,1,3,1,0,1,1,1,0,1
רבות הדרכים / עושה לי צרות - Live,Harry Styles,1,spotify:track:6UelLqGlWMcVH1E5c4H7lY,Columbia,3,1,3,1,0,1,1,1,0,1
נשימה,Chen Aharoni,2,spotify:track:4bm2aZg3iiqMjO3MIiyhAo,Mobile1 Music,1,3,1,1,1,1,1,1,0,0
Hips Don't Lie (feat. Wyclef Jean),"Shakira, Wyclef Jean",0,spotify:track:3ZFTkvIE7kyPt6Nu3PEa7V,Epic,0,3,1,1,1,1,1,1,0,1
Kvish Hachof,Static & Ben El,0,spotify:track:3l82VKxo78MFrFOZkAKD4u,Mobile1 Music,0,3,1,1,0,1,1,1,0,1
Renaissance,Static & Ben El,0,spotify:track:3l82VKxo78MFrFOZkAKD4u,Mobile1 Music,0,3,1,1,3,1,1,1,0,1
Habits,Static & Ben El,0,spotify:track:3l82VKxo78MFrFOZkAKD4u,Mobile1 Music,0,3,1,1,3,1,1,1,0,1
Tobey (feat. Big Sean and BabyTron),"Eminem, Big Sean, BabyTron",2,spotify:track:4KWeGKChLKcnZsj3sIOSkW,Shady/Aftermath/Interscope Records,0,3,1,1,2,1,1,1,0,1
Fuel,"Eminem, Big Sean, BabyTron",2,spotify:track:4KWeGKChLKcnZsj3sIOSkW,Shady/Aftermath/Interscope Records,0,3,1,1,2,1,1,1,0,1
Brand New Dance,"Eminem, Big Sean, BabyTron",2,spotify:track:4KWeGKChLKcnZsj3sIOSkW,Shady/Aftermath/Interscope Records,0,3,1,1,1,1,1,1,0,1
מה עשית לי,Eden Hason,2,spotify:track:3LBSTYr6obFNcK0iICM0Dg,Mobile1 Music,1,1,1,1,1,1,1,1,0,0
בנות כמוני לא בוכות,Noa Kirel,0,spotify:track:2gwiDHH38cpSXuMU6Iu53d,Noa Kirel under exclusive license to NMC United Entertainment Ltd.,2,0,1,1,0,1,1,1,0,0
Tough,"Quavo, Lana Del Rey",2,spotify:track:22DH8NChecsgPxDjA4pqer,Quality Control Music/Motown Records,0,3,1,1,0,1,1,1,0,1
קריוקי,"Tuna, Peer Tasi",0,spotify:track:6xhxulJ4BXNlnDmw3KpDP0,NaNa Disc,2,3,1,1,0,1,1,1,0,0
I Ain't Worried,OneRepublic,2,spotify:track:4fYte8ZvTK14NEhAOZocBi,Mosley Music/Interscope Records,3,1,1,1,2,1,1,1,0,1
שלום אהובתי,Eyal Golan,0,spotify:track:5E8VSBEyekvkqIrDs5IOio,Liam Productions under exclusive license to D-Music,3,1,1,1,2,1,1,1,0,0
יוני,Peer Tasi,1,spotify:track:2BOZaITgFVIcnfSD524zo4,Peer Tasi LTD under exclusive license to D-Music,0,0,1,1,0,1,1,1,0,0
Like That,"Future, Metro Boomin, Kendrick Lamar",0,spotify:track:2tudvzsrR56uom6smgOcSf,Wilburn Holding Co./Boominati/Epic/Republic,2,0,1,1,0,1,1,1,0,1
ללמוד לעוף,Akiva,3,spotify:track:7pLU1N4f871QqtSckS8nvB,2024 Akiva Turgeman | Or Davidson by PIL ltd,1,0,1,1,2,1,1,1,0,0
Fortnight (feat. Post Malone),"Taylor Swift, Post Malone",0,spotify:track:2OzhQlSqBEmt7hmkYxfT6m,Taylor Swift,2,0,1,1,0,1,1,1,0,1
באך,"Taylor Swift, Post Malone",0,spotify:track:2OzhQlSqBEmt7hmkYxfT6m,Taylor Swift,2,0,1,1,3,1,1,1,0,0
Without Me,Eminem,1,spotify:track:7lQ8MOhq6IN2w8EYcFNSUk,Aftermath,1,1,1,1,0,1,1,1,0,1
L’AMOUR DE MA VIE,Billie Eilish,1,spotify:track:6fPan2saHdFaIHuTSatORv,Darkroom/Interscope Records,1,2,1,1,1,1,1,1,0,1
BLUE,Billie Eilish,2,spotify:track:2prqm9sPLj10B4Wg0wE5x9,Darkroom/Interscope Records,1,2,1,1,1,1,1,1,0,1
גפרור,Peer Tasi,2,spotify:track:68H86iRZFd5IWbDrjGTa4t,Peer Tasi LTD under exclusive license to D-Music,0,3,1,1,1,1,1,1,0,0
vampire,Peer Tasi,2,spotify:track:68H86iRZFd5IWbDrjGTa4t,Peer Tasi LTD under exclusive license to D-Music,0,3,1,1,0,1,1,1,0,1
The Code,Nemo,3,spotify:track:1EjIXKhNHI00ZLMRpS8iz8,Better Now Records,2,2,1,2,3,1,1,1,0,1
CARNIVAL,"¥$, Kanye West, Ty Dolla $ign",2,spotify:track:3w0w2T288dec0mgeZZqoNN,YZY,2,2,1,1,2,1,1,1,0,1
euphoria,Kendrick Lamar,3,spotify:track:77DRzu7ERs0TX3roZcre7Q,"Kendrick Lamar, under exclusive license to Interscope Records",3,2,1,1,2,1,1,1,0,1
אינטלקטוערסית,Odeya,0,spotify:track:4E5fqKktoOAT3shxlolPBm,Helicon Aroma Music Ltd.,3,1,1,1,1,1,1,1,0,0
שיר לטל,Odeya,0,spotify:track:4E5fqKktoOAT3shxlolPBm,Helicon Aroma Music Ltd.,3,1,1,1,0,1,1,1,0,0
Mon amour,Slimane,3,spotify:track:4BVcVEp6Df9VQN5qFwxDn3,Universal Music Division Capitol Music France,2,2,1,1,0,1,1,1,0,1
THE GREATEST,Billie Eilish,3,spotify:track:6TGd66r0nlPaYm3KIoI7ET,Darkroom/Interscope Records,1,3,1,1,3,1,1,1,0,1
בובה,Noam Bettan,2,spotify:track:5edYMsNo852Zw29Qni9p8t,Zaav Music / Noam Bettan under exclusive license to D-Music,3,1,1,1,3,1,1,1,0,0
SKINNY,Billie Eilish,3,spotify:track:1CsMKhwEmNnmvHUuO5nryA,Darkroom/Interscope Records,2,3,1,2,3,1,1,1,0,1
Rim Tim Tagi Dim,Baby Lasagna,3,spotify:track:5TswDbxMnxptgFTf6ZxvXQ,Polydor / Universal Music Hrvatska,2,2,1,1,2,1,1,1,0,1
נשמה שלי את,אבירם עמר,2,spotify:track:3kgOZqPw2xurllVbuNxg8E,Session42,1,2,1,1,2,1,1,1,0,0
Water,Tyla,1,spotify:track:5aIVCx5tnk0ntmdiinnYvw,FAX Records/Epic,1,0,1,1,1,1,1,1,0,1
לא תראה אותי בוכה,Eden Hason,2,spotify:track:5JGVm5Xshr1IlNlW9phZFQ,Mobile1 Music,2,2,1,1,1,1,1,1,0,0
THE DINER,Billie Eilish,3,spotify:track:1LLUoftvmTjVNBHZoQyveF,Darkroom/Interscope Records,1,3,1,1,1,1,1,1,0,1
הכי יפה בעולם,Billie Eilish,3,spotify:track:1LLUoftvmTjVNBHZoQyveF,Darkroom/Interscope Records,1,3,1,1,0,1,1,1,0,0
BITTERSUITE,Billie Eilish,3,spotify:track:1LLUoftvmTjVNBHZoQyveF,Darkroom/Interscope Records,1,3,1,1,3,1,1,1,0,1
Teresa & Maria,"alyona alyona, Jerry Heil",3,spotify:track:7n3Czk07KugPQOWuqCHDmF,ENKO,1,3,1,1,3,1,1,1,0,1
la noia,Angelina Mango,3,spotify:track:49R1F3rIdSzuPk7AcHi6d1,Latarma S.r.l.,1,3,1,1,3,1,1,1,0,1
I Can Do It With a Broken Heart,Taylor Swift,2,spotify:track:4q5YezDOIPcoLr8R81x9qy,Taylor Swift,2,2,1,1,2,1,1,1,0,1
TEXAS HOLD 'EM,Beyoncé,2,spotify:track:7wLShogStyDeZvL0a6daN5,Parkwood Entertainment/Columbia,2,1,1,1,2,1,1,1,0,1
Europapa,Joost,3,spotify:track:0uHrMbMv3c78398pIANDqR,Joost Klein,0,3,1,1,2,1,1,1,0,1
I Had Some Help (Feat. Morgan Wallen),"Post Malone, Morgan Wallen",1,spotify:track:7221xIgOnuakPdLqT0F3nP,Mercury Records/Republic Records,0,3,1,1,1,1,1,1,0,1
Unforgettable,Marcus & Martinus,2,spotify:track:5L8C1PZGCpZf8STcN79H5j,Universal Music AB,0,3,1,1,1,1,1,1,0,1
אז מה עכשיו,Marcus & Martinus,2,spotify:track:5L8C1PZGCpZf8STcN79H5j,Universal Music AB,0,3,1,1,0,1,1,1,0,0
"One Of The Girls (with JENNIE, Lily Rose Depp)","The Weeknd, JENNIE, Lily-Rose Depp",0,spotify:track:7CyPwkp0oE8Ro9Dd5CUDjW,XO / Republic Records,0,0,1,1,0,1,1,1,0,1
Family Matters,Drake,2,spotify:track:1wFFFzJ5EsKbBWZriAcubN,OVO/Republic,1,2,1,1,0,1,1,1,0,1
"What Was I Made For? [From The Motion Picture ""Barbie""]",Drake,2,spotify:track:1wFFFzJ5EsKbBWZriAcubN,OVO/Republic,1,2,1,1,0,1,1,1,0,1
אצלנו בגן,Drake,2,spotify:track:1wFFFzJ5EsKbBWZriAcubN,OVO/Republic,1,2,1,1,3,1,1,1,0,0
כאב של לוחמים,Drake,2,spotify:track:1wFFFzJ5EsKbBWZriAcubN,OVO/Republic,1,2,1,1,3,1,1,1,0,0
שושנים עצובות (ישראל בידור),Drake,2,spotify:track:1wFFFzJ5EsKbBWZriAcubN,OVO/Republic,1,2,1,1,3,1,1,1,0,0
meet the grahams,Kendrick Lamar,3,spotify:track:4S8PxReB1UiDR2F5x1lyIR,Kendrick Lamar under exclusive license to Interscope Records,1,3,1,1,3,1,1,1,0,1
אם מחר אני מת,Kendrick Lamar,3,spotify:track:4S8PxReB1UiDR2F5x1lyIR,Kendrick Lamar under exclusive license to Interscope Records,1,3,1,1,3,1,1,1,0,0
Fighter - Eurovision Version,Kendrick Lamar,3,spotify:track:4S8PxReB1UiDR2F5x1lyIR,Kendrick Lamar under exclusive license to Interscope Records,1,3,1,1,2,1,1,1,0,1
חתולים שחורים,Kendrick Lamar,3,spotify:track:4S8PxReB1UiDR2F5x1lyIR,Kendrick Lamar under exclusive license to Interscope Records,1,3,1,1,2,1,1,1,0,0
בין העיר לפרדס,Tuna,3,spotify:track:5rqeYyQ1EpbEJKkH4cgncs,NaNa Disc,2,2,1,1,2,1,1,1,0,0
שלחי אותו,Tuna,3,spotify:track:5rqeYyQ1EpbEJKkH4cgncs,NaNa Disc,2,2,1,1,2,1,1,1,0,0
If We Being Rëal,Yeat,2,spotify:track:0YThXX1dqUpYBLyJNAsF9N,Field Trip Recordings/Capitol Records,0,1,1,1,2,1,1,1,0,1
שום דבר לא יפגע בי,Yeat,2,spotify:track:0YThXX1dqUpYBLyJNAsF9N,Field Trip Recordings/Capitol Records,0,1,1,1,2,1,1,1,0,0
תחזור (Tachzor),Yeat,2,spotify:track:0YThXX1dqUpYBLyJNAsF9N,Field Trip Recordings/Capitol Records,0,1,1,1,1,1,1,1,0,1
שבורי לב,Yeat,2,spotify:track:0YThXX1dqUpYBLyJNAsF9N,Field Trip Recordings/Capitol Records,0,1,1,1,1,1,1,1,0,0
Tell Ur Girlfriend,Lay Bankz,3,spotify:track:3lMzT16MjAKKXF7pSZn13B,"Artist Partner Group, Inc.",1,2,1,1,1,1,1,1,0,1
Unicorn,Lay Bankz,3,spotify:track:3lMzT16MjAKKXF7pSZn13B,"Artist Partner Group, Inc.",1,2,1,1,1,1,1,1,0,1
סגול בהיר,Lay Bankz,3,spotify:track:3lMzT16MjAKKXF7pSZn13B,"Artist Partner Group, Inc.",1,2,1,1,1,1,1,1,0,0
עד שתחזור,Lay Bankz,3,spotify:track:3lMzT16MjAKKXF7pSZn13B,"Artist Partner Group, Inc.",1,2,1,1,1,1,1,1,0,0
Pedro,"Jaxomy, Agatino Romero, Raffaella Carrà",0,spotify:track:48lxT5qJF0yYyf2z4wB4xW,Columbia/B1 Recordings/Ultra Records,0,0,1,1,0,1,1,1,0,1
הנסיך הקטן,"Jaxomy, Agatino Romero, Raffaella Carrà",0,spotify:track:48lxT5qJF0yYyf2z4wB4xW,Columbia/B1 Recordings/Ultra Records,0,0,1,1,0,1,1,1,0,0
Push Ups,Drake,3,spotify:track:3eh51r6rFWAlGQRlHx9QnQ,OVO/Republic,1,2,1,1,3,1,1,1,0,1
Lovin On Me,Jack Harlow,3,spotify:track:4xhsWYTOGcal8zt0J161CU,Generation Now/Atlantic,2,1,1,1,2,1,1,1,0,1
Down Bad,Taylor Swift,3,spotify:track:2F3N9tdombb64aW6VtZOdo,Taylor Swift,1,2,1,1,1,1,1,1,0,1
Strangers,Kenya Grace,1,spotify:track:593knnQN4REEshx8th9zgK,Major Recordings/Warner Records,3,0,1,1,1,1,1,1,0,1
צונאמי,"Jasmin Moallem, Mergui",0,spotify:track:6W6ssWo1mqA9bLTo47Alsz,Helicon Music,3,0,1,1,1,1,1,1,0,0
Babydoll,"Jasmin Moallem, Mergui",0,spotify:track:6W6ssWo1mqA9bLTo47Alsz,Helicon Music,3,0,1,1,0,1,1,1,0,1
One Dance,"Jasmin Moallem, Mergui",0,spotify:track:6W6ssWo1mqA9bLTo47Alsz,Helicon Music,3,0,1,1,0,1,1,1,0,1
"So Long, London",Taylor Swift,3,spotify:track:3Vevii7qKqrmW8CcyzBHDl,Taylor Swift,1,3,1,1,3,1,1,1,0,1
My Boy Only Breaks His Favorite Toys,Taylor Swift,3,spotify:track:2XXwLdtuAcE0HSCu61ijAb,Taylor Swift,1,3,1,2,3,1,1,1,0,1
Who’s Afraid of Little Old Me?,Taylor Swift,3,spotify:track:36t6frENUtCYKuZus6aYDO,Taylor Swift,1,3,1,1,3,1,1,1,0,1
קומה 58,Omer Adam,3,spotify:track:4C7cg72gU51s1IT4wh7Vp9,P.A.I LTD,2,2,1,1,2,1,1,1,0,0
Florida!!! (feat. Florence + The Machine),"Taylor Swift, Florence + The Machine",3,spotify:track:3ZVFcD8Wlw9T9klGqmJf9F,Taylor Swift,1,3,1,1,2,1,1,1,0,1
בסוף הכל חולף,Omer Adam,2,spotify:track:5R5wL4rbWPKeUrFGyvc5Nu,P.A.I LTD,0,1,1,1,1,1,1,1,0,0
The Tortured Poets Department,Taylor Swift,3,spotify:track:3NMrVbIVWT3fPXBj0rNDKG,Taylor Swift,1,3,1,1,1,1,1,1,0,1
Guilty as Sin?,Taylor Swift,3,spotify:track:0W0iAC1VGlB82PI6elxFYf,Taylor Swift,1,3,1,1,1,1,1,1,0,1
Hava Nagila Medley,Taylor Swift,3,spotify:track:0W0iAC1VGlB82PI6elxFYf,Taylor Swift,1,3,1,1,1,1,1,1,0,1
But Daddy I Love Him,Taylor Swift,3,spotify:track:5og4Qzt92jJzVDkOtSEilb,Taylor Swift,1,3,1,1,0,1,1,1,0,1
אוי ואבוי,"Static, Eden Hason",0,spotify:track:3SoYYbKd4cbxmlVaCZKVQM,Mobile1 Music,0,1,1,1,0,1,1,1,0,0
אין ייאוש בלילות,Eyal Golan,0,spotify:track:3I9MNfeQxkKfxIualTvKoC,Liam Productions under exclusive license to D-Music,0,3,1,1,3,1,1,1,0,0
Fresh Out The Slammer,Eyal Golan,0,spotify:track:3I9MNfeQxkKfxIualTvKoC,Liam Productions under exclusive license to D-Music,0,3,1,1,3,1,1,1,0,1
loml,Eyal Golan,0,spotify:track:3I9MNfeQxkKfxIualTvKoC,Liam Productions under exclusive license to D-Music,0,3,1,1,3,1,1,1,0,1
The Smallest Man Who Ever Lived,Eyal Golan,0,spotify:track:3I9MNfeQxkKfxIualTvKoC,Liam Productions under exclusive license to D-Music,0,3,1,1,3,1,1,1,0,1
I Can Fix Him (No Really I Can),Eyal Golan,0,spotify:track:3I9MNfeQxkKfxIualTvKoC,Liam Productions under exclusive license to D-Music,0,3,1,1,2,1,1,1,0,1
The Alchemy,Eyal Golan,0,spotify:track:3I9MNfeQxkKfxIualTvKoC,Liam Productions under exclusive license to D-Music,0,3,1,1,2,1,1,1,0,1
רחובות ריקים,ששון איפרם שאולוב,2,spotify:track:3XkauVC70TlTgebHdWea3a,Mobile1 Music,1,1,1,1,2,1,1,1,0,0
Clara Bow,ששון איפרם שאולוב,2,spotify:track:3XkauVC70TlTgebHdWea3a,Mobile1 Music,1,1,1,1,2,1,1,1,0,1
מי עוד יחכה לך,Eyal Golan,3,spotify:track:58LV2ItbYQPSYSpJ0QQMV6,Liam Productions under exclusive license to D-Music,1,0,1,1,1,1,1,1,0,0
אין לי אותך,Eyal Golan,2,spotify:track:3Rq8vC7CDbqs3VHJxsu6TW,Liam Productions under exclusive license to D-Music,0,3,1,1,1,1,1,1,0,0
חורף 23,"Odeya, E-Z",2,spotify:track:2pvlbipBAnMXwFkuRwLJpo,Helicon Aroma Music Ltd / E-Z Booking Plus,3,0,1,1,0,1,1,1,0,0
פרובוקטיבית,"Odeya, E-Z",2,spotify:track:2pvlbipBAnMXwFkuRwLJpo,Helicon Aroma Music Ltd / E-Z Booking Plus,3,0,1,1,0,1,1,1,0,0
פורחים לשובם,Ishay Ribo,1,spotify:track:0OzFG7wUIuRUDA1dcPzlK1,2024 Ishay Ribo | Or Davidson by PIL ltd,1,1,1,1,2,1,1,1,0,0
בימים של עצב,Ishay Ribo,1,spotify:track:0OzFG7wUIuRUDA1dcPzlK1,2024 Ishay Ribo | Or Davidson by PIL ltd,1,1,1,1,1,1,1,1,0,0
כנפיים - Live,"Tuna, Margalit Tzan'ani",1,spotify:track:7Jeh9SPQdyULPmdIqTNo3y,NaNa Disc,2,3,1,1,1,1,1,1,0,1
ממה את מפחדת,"Tuna, Margalit Tzan'ani",1,spotify:track:7Jeh9SPQdyULPmdIqTNo3y,NaNa Disc,2,3,1,1,1,1,1,1,0,0
אין אותנו יותר (By Tamar Yahalomy & Yonatan Kalimi),"Avi Aburomi, Mor",0,spotify:track:1zZ9bah4HU0TtICQzCFXp3,2023 Avi Aburomi By PIL LTD,3,0,1,1,1,1,1,1,0,1
מביט אל השמיים,"Avi Aburomi, Mor",0,spotify:track:1zZ9bah4HU0TtICQzCFXp3,2023 Avi Aburomi By PIL LTD,3,0,1,1,1,1,1,1,0,0
אף פעם לא לבד,Inbal Bibi,1,spotify:track:4ZGe1hugAeejCOd7TWGiz0,Universal Music Israel,2,3,1,1,0,1,1,1,0,0
2 דקות,Inbal Bibi,1,spotify:track:4ZGe1hugAeejCOd7TWGiz0,Universal Music Israel,2,3,1,1,0,1,1,1,0,0
להרים,Inbal Bibi,1,spotify:track:4ZGe1hugAeejCOd7TWGiz0,Universal Music Israel,2,3,1,1,0,1,1,1,0,0
Believer,Inbal Bibi,1,spotify:track:4ZGe1hugAeejCOd7TWGiz0,Universal Music Israel,2,3,1,1,0,1,1,1,0,1
Daylight,David Kushner,2,spotify:track:1odExI7RdWc4BT515LTAwj,Miserable Music Group,2,0,1,1,0,1,1,1,0,1
מי את היום בלעדיי,Yonatan Kalimi,0,spotify:track:5gOFp28Edmv4nk8HIwnQfe,T.Y Studio & Productions under exclusive license to D-Music,3,0,1,1,2,1,1,1,0,0
FRI(END)S,V,2,spotify:track:0PBTlQ84CBJF0tBnKGmQa6,BIGHIT MUSIC,0,3,1,1,1,1,1,1,0,1
No Role Modelz,V,2,spotify:track:0PBTlQ84CBJF0tBnKGmQa6,BIGHIT MUSIC,0,3,1,1,1,1,1,1,0,1
My Love Mine All Mine,Mitski,1,spotify:track:3vkCueOmm7xQDoJ17W1Pm3,Dead Oceans,1,1,1,1,1,1,1,1,0,1
7 Minute Drill,Mitski,1,spotify:track:3vkCueOmm7xQDoJ17W1Pm3,Dead Oceans,1,1,1,1,1,1,1,1,0,1
סחרחורת,Tuna,0,spotify:track:5CCxCzPB3HMh595Y1MNIm5,Anana Ltd.,2,3,2,1,0,1,1,1,0,0
redrum,21 Savage,1,spotify:track:52eIcoLUM25zbQupAZYoFh,"Slaughter Gang, LLC/Epic Records",2,1,1,1,0,1,1,1,0,1
ONE CALL,Rich Amiri,0,spotify:track:69phA1R4gmQsBFRQ3INW8C,Internet Money Records / 10K Projects,0,0,1,1,0,1,1,1,0,1
ואז את תראי,Rich Amiri,0,spotify:track:69phA1R4gmQsBFRQ3INW8C,Internet Money Records / 10K Projects,0,0,1,1,0,1,1,1,0,0
עומס לב,Rich Amiri,0,spotify:track:69phA1R4gmQsBFRQ3INW8C,Internet Money Records / 10K Projects,0,0,1,1,0,1,1,1,0,0
JOLENE,Rich Amiri,0,spotify:track:69phA1R4gmQsBFRQ3INW8C,Internet Money Records / 10K Projects,0,0,1,1,3,1,1,1,0,1
II MOST WANTED,Rich Amiri,0,spotify:track:69phA1R4gmQsBFRQ3INW8C,Internet Money Records / 10K Projects,0,0,1,1,3,1,1,1,0,1
Love Me Again,Rich Amiri,0,spotify:track:69phA1R4gmQsBFRQ3INW8C,Internet Money Records / 10K Projects,0,0,1,1,3,1,1,1,0,1
Cinderella,"Future, Metro Boomin, Travis Scott",3,spotify:track:0hKtu53OlIFXVuYkZwcn3o,Wilburn Holding Co./Boominati/Epic/Republic,1,3,1,1,2,1,1,1,0,1
obsessed,Olivia Rodrigo,2,spotify:track:6tNgRQ0K2NYZ0Rb9l9DzL8,Olivia Rodrigo PS,0,3,1,1,2,1,1,1,0,1
Type Shit,"Future, Metro Boomin, Travis Scott, Playboi Carti",3,spotify:track:28drn6tQo95MRvO0jQEo5C,Wilburn Holding Co./Boominati/Epic/Republic,1,3,1,1,2,1,1,1,0,1
לשטוף את העצב,Omer Adam,2,spotify:track:4cHhUWXkEtSj7kdue9SO5u,P.A.I LTD,2,2,1,1,2,1,1,1,0,0
ילדים כאלה,Eden Hason,0,spotify:track:5xrZpr1va5sIWMb5ndfgQP,Mobile1 Music,2,1,2,1,1,1,1,1,0,0
Bones,Imagine Dragons,0,spotify:track:54ipXppHLA8U4yqpOFTUhr,Kid Ina Korner / Interscope,2,0,1,1,1,1,1,1,0,1
Heartless,Kanye West,0,spotify:track:4EWCNWgDS8707fNSZ1oaA5,Roc-A-Fella,0,0,1,1,0,1,1,1,0,1
Red and Yellow,Kanye West,0,spotify:track:4EWCNWgDS8707fNSZ1oaA5,Roc-A-Fella,0,0,1,1,3,1,1,1,0,1
"yes, and?",Ariana Grande,3,spotify:track:5D34wRmbFS29AjtTOP2QJe,Republic Records,3,2,1,1,3,1,1,1,0,1
We Don't Trust You,Ariana Grande,3,spotify:track:5D34wRmbFS29AjtTOP2QJe,Republic Records,3,2,1,1,2,1,1,1,0,1
טיל פצמר,LIAD MEIR,1,spotify:track:0JoYMP7hvEwxKCjj9szUo6,2023 Duda by PIL ltd,3,0,1,1,2,1,1,1,0,0
Praise Jah In The Moonlight,YG Marley,2,spotify:track:3h5TiWTqGxjSjFrbruPFH9,YG Marley Music,2,2,1,1,1,1,1,1,0,1
Paint The Town Red,Doja Cat,1,spotify:track:56y1jOTK0XSvJzVv9vHQBK,Kemosabe Records/RCA Records,3,0,1,1,0,1,1,1,0,1
מולדת,Hanan Ben Ari,2,spotify:track:1f6O2TPzZQhW1Ky2iGYb5X,Hanan Ben Ari under exclusive license to D-Music,2,2,1,1,2,1,1,1,0,0
the boy is mine,Ariana Grande,3,spotify:track:0Lmbke3KNVFXtoH2mMSHCw,Republic Records,0,3,1,1,2,1,1,1,0,1
כל הזמן אומרת,Ariana Grande,3,spotify:track:0Lmbke3KNVFXtoH2mMSHCw,Republic Records,0,3,1,1,1,1,1,1,0,0
ברגעים שאת הולכת,Ariana Grande,3,spotify:track:0Lmbke3KNVFXtoH2mMSHCw,Republic Records,0,3,1,1,1,1,1,1,0,0
Starboy,Ariana Grande,3,spotify:track:0Lmbke3KNVFXtoH2mMSHCw,Republic Records,0,3,1,1,0,1,1,1,0,1
aftermath,Ariana Grande,3,spotify:track:0Lmbke3KNVFXtoH2mMSHCw,Republic Records,0,3,1,1,3,1,1,1,0,1
bye,Ariana Grande,3,spotify:track:0Lmbke3KNVFXtoH2mMSHCw,Republic Records,0,3,1,1,3,1,1,1,0,1
אהבה רק של לילה,הגר יפת,3,spotify:track:0wEqTKnu9Hy3ejZZOgLbZb,Mobile1 Music,1,1,1,1,2,1,1,1,0,0
eternal sunshine,הגר יפת,3,spotify:track:0wEqTKnu9Hy3ejZZOgLbZb,Mobile1 Music,1,1,1,1,2,1,1,1,0,1
true story,הגר יפת,3,spotify:track:0wEqTKnu9Hy3ejZZOgLbZb,Mobile1 Music,1,1,1,1,2,1,1,1,0,1
don't wanna break up again,הגר יפת,3,spotify:track:0wEqTKnu9Hy3ejZZOgLbZb,Mobile1 Music,1,1,1,1,2,1,1,1,0,1
supernatural,הגר יפת,3,spotify:track:0wEqTKnu9Hy3ejZZOgLbZb,Mobile1 Music,1,1,1,1,2,1,1,1,0,1
זה עלינו,הגר יפת,3,spotify:track:0wEqTKnu9Hy3ejZZOgLbZb,Mobile1 Music,1,1,1,1,1,1,1,1,0,0
exes,Tate McRae,1,spotify:track:4E63weMCaNZuGPEFMnuEi8,RCA Records Label,0,3,1,1,1,1,1,1,0,1
Popular (with Playboi Carti & Madonna),"The Weeknd, Playboi Carti, Madonna",2,spotify:track:7GUhiAHLoVy1V8ucQuZ3CB,Universal Republic Records,1,2,1,1,1,1,1,1,0,1
intro (end of the world),"The Weeknd, Playboi Carti, Madonna",2,spotify:track:7GUhiAHLoVy1V8ucQuZ3CB,Universal Republic Records,1,2,1,1,1,1,1,1,0,1
לבד במדבר,Jasmin Moallem,1,spotify:track:2LjK33xiNA8BA4U1ndj2bO,Helicon Music,1,0,1,1,0,1,1,1,0,0
יום כיפור,Jasmin Moallem,2,spotify:track:6uc5gCVI30JNif2o4Ahmud,Helicon Music,2,2,1,1,2,1,1,1,0,0
Dance The Night - From Barbie The Album,Dua Lipa,1,spotify:track:1vYXt7VSjH9JIM5oRRo7vA,Atlantic Records,2,0,1,1,2,1,1,1,0,1
חוץ מכדורגל,Hanan Ben Ari,1,spotify:track:5Cf7f7XD97PYEUWEEb7mcQ,Hanan Ben Ari under exclusive license to D-Music,1,0,1,1,1,1,1,1,0,0
BURN,"¥$, Kanye West, Ty Dolla $ign",1,spotify:track:04CyMEHliadfQWMUJb1w99,YZY,0,0,1,1,1,1,1,1,0,1
Training Season,Dua Lipa,0,spotify:track:6Qb7YsAqH4wWFUMbGsCpap,Warner Records,0,0,1,1,1,1,1,1,0,1
שני ילדים בעולם,Nathan Goshen,0,spotify:track:3qWDOGP2SBMLQ3nzMIkNbz,Nathan Goshen under exclusive license to D-Music,3,0,2,1,1,1,1,1,0,0
אם את הולכת - אקוסטי,Avraham Tal,0,spotify:track:5u29wxDwJzybIkhFfZRtnI,Mobile1 Music,0,1,1,1,1,1,1,1,0,0
אור גדול,Avraham Tal,0,spotify:track:5u29wxDwJzybIkhFfZRtnI,Mobile1 Music,0,1,1,1,0,1,1,1,0,0
I KNOW ?,Travis Scott,1,spotify:track:6wsqVwoiVH2kde4k4KKAFU,Cactus Jack/Epic,1,1,1,1,0,1,1,1,0,1
שיר ללא שם,Eviatar Banai,2,spotify:track:2L2vg2n4bU1CVLlpKbQhef,NaNa Disc,2,1,1,1,2,1,1,1,0,0
כמו כל יום,Idan Rafael Haviv,1,spotify:track:7hyle4lmxpFkhKOv2NxTiL,NMC United Entertainment Ltd.,1,0,1,1,1,1,1,1,0,0
אם תרצי,Idan Rafael Haviv,1,spotify:track:7hyle4lmxpFkhKOv2NxTiL,NMC United Entertainment Ltd.,1,0,1,1,1,1,1,1,0,0
נהר הדמעות,"Shlomo Artzi, Peer Tasi",0,spotify:track:0LqFPyHVwoYxJnZsa3Ji8x,Peer Tasi / Hed Arzi LTD.,2,1,1,1,0,1,1,1,0,0
רסיסים,Raviv Kaner,0,spotify:track:71h6sV5KytTmPARarI28wI,Helicon Aroma Music Ltd.,3,3,2,1,0,1,1,1,0,0
פוליטיקה,Odeya,1,spotify:track:4f8ym2kd2ptaLBVF2f8sAC,Helicon Aroma Music Ltd.,1,2,1,1,0,1,1,1,0,0
לא ידעתי שתלכי ממני,"הכוכב הבא, אור כהן",3,spotify:track:0op6IBN7AhDJEsYl4KpBcH,Keshet Broadcasting Ltd. under exclusive license to D-Music,1,2,1,1,3,1,1,1,0,0
Cry,"הכוכב הבא, אור כהן",3,spotify:track:0op6IBN7AhDJEsYl4KpBcH,Keshet Broadcasting Ltd. under exclusive license to D-Music,1,2,1,1,2,1,1,1,0,1
הימים עוברים,Avraham Tal,0,spotify:track:7AHM45gNY0LiFUSnfzjUus,Mobile1 Music,0,0,1,1,1,1,1,1,0,0
בחורים טובים - Acoustic Live,Omer Adam,2,spotify:track:6W2tGdihSWtBIjooCZl35U,P.A.I LTD,1,2,1,1,0,1,1,1,0,1
Wild World,Omer Adam,2,spotify:track:6W2tGdihSWtBIjooCZl35U,P.A.I LTD,1,2,1,1,0,1,1,1,0,1
The Real Slim Shady,Omer Adam,2,spotify:track:6W2tGdihSWtBIjooCZl35U,P.A.I LTD,1,2,1,1,0,1,1,1,0,1
יש לך אותך,"Miri Mesika, Mika Moshe",1,spotify:track:3VpqFdoAiNJZW8tqjWPl2E,Helicon Music,1,2,1,1,0,1,1,1,0,0
BACK TO ME,"Miri Mesika, Mika Moshe",1,spotify:track:3VpqFdoAiNJZW8tqjWPl2E,Helicon Music,1,2,1,1,3,1,1,1,0,1
FUK SUMN,"Miri Mesika, Mika Moshe",1,spotify:track:3VpqFdoAiNJZW8tqjWPl2E,Helicon Music,1,2,1,1,3,1,1,1,0,1
TALKING,"Miri Mesika, Mika Moshe",1,spotify:track:3VpqFdoAiNJZW8tqjWPl2E,Helicon Music,1,2,1,1,2,1,1,1,0,1
כמה מתוק,Jasmin Moallem,1,spotify:track:05ryQJip5j6ExMhvB6o6f4,Helicon Music,0,1,1,1,1,1,1,1,0,0
דם שלי,Eden Ben Zaken,0,spotify:track:2kGlyGO41yJcLwBz3Czejq,Sarit Productions LTD / Helicon Aroma Music Ltd. under exclusive license to D-Music,0,3,1,1,0,1,1,1,0,0
Popular (with Playboi Carti & Madonna) - From The Idol Vol. 1 (Music from the HBO Original Series),"The Weeknd, Playboi Carti, Madonna",3,spotify:track:6WzRpISELf3YglGAh7TXcG,XO / Republic Records,1,2,1,1,3,1,1,1,0,1
מחילה,Jasmin Moallem,1,spotify:track:1XuxoHDc7mFeyhaDcgjYST,Helicon Music,2,0,1,1,2,1,1,1,0,0
אלייך,Idan Amedi,2,spotify:track:1uJ95oDCyVPMLE7q34RDm9,A.M Music Productions LTD,0,3,1,1,2,1,1,1,0,0
Metoh Mahshavot | מתוך מחשבות,ששון איפרם שאולוב,1,spotify:track:5OZHkLnre3kb4y4wuplo49,ללא,0,0,1,1,1,1,1,1,0,1
ביחד איתי,ששון איפרם שאולוב,1,spotify:track:3AoZ1W11B3gm8vhFSpHDjh,Ariel Shaulov,1,1,1,1,0,1,1,1,0,0
מאושר יותר,ששון איפרם שאולוב,1,spotify:track:3AoZ1W11B3gm8vhFSpHDjh,Ariel Shaulov,1,1,1,1,3,1,1,1,0,0
תסתכלי לי בעיניים,ששון איפרם שאולוב,1,spotify:track:3AoZ1W11B3gm8vhFSpHDjh,Ariel Shaulov,1,1,1,1,2,1,1,1,0,0
Murder On The Dancefloor,Sophie Ellis-Bextor,1,spotify:track:4tKGFmENO69tZR9ahgZu48,Polydor Records,0,3,1,1,1,1,1,1,0,1
דמיון חופשי,Eviatar Banai,1,spotify:track:53vzjmA9qNy7aztCbYUSEG,NaNa Disc,2,1,1,1,0,1,1,1,0,0
Sprinter,"Dave, Central Cee",0,spotify:track:2FDTHlrBguDzQkp7PVj16Q,Neighbourhood / Live Yours,3,0,1,1,0,1,1,1,0,1
סיבת הסיבות,Ishay Ribo,0,spotify:track:6sADtPKtORAMZP3GQhOsHv,2021 Ishay Ribo BY PIL LTD,3,3,2,1,0,1,1,1,0,0
Surround Sound (feat. 21 Savage & Baby Tate),"JID, 21 Savage, Baby Tate",0,spotify:track:1udwFobQ1JoOdWPQrp2b6u,Dreamville/Interscope,0,3,1,1,1,1,1,1,0,1
אין יותר מועדונים,"JID, 21 Savage, Baby Tate",0,spotify:track:1udwFobQ1JoOdWPQrp2b6u,Dreamville/Interscope,0,3,1,1,0,1,1,1,0,0
IDGAF (feat. Yeat),"Drake, Yeat",0,spotify:track:2YSzYUF3jWqb9YP9VXmpjE,OVO/Republic,3,0,1,1,0,1,1,1,0,1
אור הירח,"Jasmin Moallem, Tuna",0,spotify:track:1B6qAMPiD7sv3WNI90ELMz,NaNa Disc,2,0,2,1,0,1,1,1,0,0
née-nah,"Jasmin Moallem, Tuna",0,spotify:track:1B6qAMPiD7sv3WNI90ELMz,NaNa Disc,2,0,2,1,3,1,1,1,0,1
n.h.i.e.,"Jasmin Moallem, Tuna",0,spotify:track:1B6qAMPiD7sv3WNI90ELMz,NaNa Disc,2,0,2,1,2,1,1,1,0,1
Si No Estás,iñigo quintero,1,spotify:track:2HafqoJbgXdtjwCOvNEF14,Acqustic,3,1,1,1,0,1,1,1,0,1
תרקוד לנצח,"Omer Adam, Infected Mushroom",1,spotify:track:3mITeXQ9Dt7M6nTutuNtsx,P.A.I LTD / Mushroom Touring inc,3,1,1,1,0,1,1,1,0,0
all of me,"Omer Adam, Infected Mushroom",1,spotify:track:3mITeXQ9Dt7M6nTutuNtsx,P.A.I LTD / Mushroom Touring inc,3,1,1,1,0,1,1,1,0,1
רק אני יודע,Stephane Legar,2,spotify:track:0NdV41q6lBoO4WyCaZmIJU,Stephane Gagba / Gaga Management / Helicon Aroma Music LTD. under exclusive license to D-Music,2,1,1,1,3,1,1,1,0,0
אל תפחד,Eviatar Banai,3,spotify:track:7Jczj2J8z1CnhrYCIc5Apm,NaNa Disc,2,2,1,1,2,1,1,1,0,0
מדינה כואבת,ששון איפרם שאולוב,0,spotify:track:0wdMMMH79A2sD6S6sdDGzt,Mobile1 Music,0,0,1,1,1,1,1,1,0,0
מה אעשה,Eviatar Banai,3,spotify:track:4GLfvVXJvSxsNdHa1sjB0D,NaNa Disc,2,2,1,1,1,1,1,1,0,0
השיר של נעם 2,"Maor Ashkenazi, נעם כהן",2,spotify:track:14T9MsaDVojqqEyGAZ0Sfb,2023 MaorAshkenaziMusic by PIL ltd,1,1,1,1,1,1,1,1,0,0
לא ביקשתי מלחמה,Kobi Maman,0,spotify:track:2qromlkHDFXxm07yhpB63s,Mobile1 Music,2,3,1,1,1,1,1,1,0,0
אהובה שלי,Eden Hason,2,spotify:track:77hre9TJEQOFgciNAAlEMQ,Mobile1 Music,1,1,1,1,0,1,1,1,0,0
לא חוקי,Eden Hason,2,spotify:track:77hre9TJEQOFgciNAAlEMQ,Mobile1 Music,1,1,1,1,0,1,1,1,0,0
שווארמה,Eden Hason,2,spotify:track:77hre9TJEQOFgciNAAlEMQ,Mobile1 Music,1,1,1,1,0,1,1,1,0,0
Godzilla (feat. Juice WRLD),"Eminem, Juice WRLD",1,spotify:track:7FIWs0pqAYbP91WWM0vlTQ,Shady/Aftermath/Interscope Records,3,1,1,1,0,1,1,1,0,1
יש בך,"Eminem, Juice WRLD",1,spotify:track:7FIWs0pqAYbP91WWM0vlTQ,Shady/Aftermath/Interscope Records,3,1,1,1,2,1,1,1,0,0
שיר,"Eminem, Juice WRLD",1,spotify:track:7FIWs0pqAYbP91WWM0vlTQ,Shady/Aftermath/Interscope Records,3,1,1,1,1,1,1,1,0,0
אצלך בעולם - אקוסטי,"Eminem, Juice WRLD",1,spotify:track:7FIWs0pqAYbP91WWM0vlTQ,Shady/Aftermath/Interscope Records,3,1,1,1,1,1,1,1,0,0
לילה כיום יאיר,"Eminem, Juice WRLD",1,spotify:track:7FIWs0pqAYbP91WWM0vlTQ,Shady/Aftermath/Interscope Records,3,1,1,1,1,1,1,1,0,0
פלואו של טמבל 2,"Eminem, Juice WRLD",1,spotify:track:7FIWs0pqAYbP91WWM0vlTQ,Shady/Aftermath/Interscope Records,3,1,1,1,0,1,1,1,0,0
גם זה יעבור,"Eminem, Juice WRLD",1,spotify:track:7FIWs0pqAYbP91WWM0vlTQ,Shady/Aftermath/Interscope Records,3,1,1,1,0,1,1,1,0,0
